ADANIENT,ADANIPORTS,APOLLOHOSP,ASIANPAINT,AXISBANK,BAJAJ-AUTO,BAJAJFINSV,BAJFINANCE,BEL,BHARTIARTL,BPCL,BRITANNIA,CIPLA,COALINDIA,DRREDDY,EICHERMOT,GRASIM,HCLTECH,HDFCBANK,HDFCLIFE,HEROMOTOCO,HINDALCO,HINDUNILVR,ICICIBANK,INDUSINDBK,INFY,ITC,JSWSTEEL,KOTAKBANK,LT,M&M,MARUTI,NESTLEIND,NTPC,ONGC,POWERGRID,RELIANCE,SBILIFE,SBIN,SHRIRAMFIN,SUNPHARMA,TATACONSUM,TATAMOTORS,TATASTEEL,TCS,TECHM,TITAN,TRENT,ULTRACEMCO,WIPRO
1.0,0.79,0.45,-0.16,0.4,0.52,0.02,-0.25,0.49,0.36,0.67,0.31,0.55,0.68,0.47,0.32,0.38,0.29,-0.05,-0.2,0.63,0.4,-0.05,0.37,0.15,0.22,-0.06,0.37,0.03,0.74,0.35,0.52,0.39,0.58,0.62,0.56,0.8,0.25,0.61,0.34,0.42,0.71,0.71,0.67,0.5,0.18,0.34,0.3,0.45,0.5
0.79,1.0,0.74,-0.22,0.7,0.85,0.18,-0.28,0.88,0.78,0.91,0.67,0.86,0.94,0.8,0.75,0.83,0.52,0.27,0.15,0.9,0.74,0.27,0.8,-0.25,0.55,0.33,0.71,0.03,0.79,0.78,0.77,0.21,0.9,0.91,0.93,0.86,0.62,0.91,0.75,0.78,0.75,0.89,0.8,0.78,0.61,0.02,0.73,0.8,0.74
0.45,0.74,1.0,-0.12,0.49,0.86,0.53,-0.19,0.68,0.84,0.82,0.71,0.86,0.72,0.83,0.63,0.76,0.9,0.41,0.52,0.74,0.63,0.44,0.82,-0.54,0.85,0.56,0.75,0.19,0.59,0.72,0.5,-0.03,0.86,0.73,0.77,0.51,0.79,0.66,0.89,0.94,0.54,0.57,0.39,0.83,0.85,0.09,0.86,0.77,0.88
-0.16,-0.22,-0.12,1.0,0.06,-0.12,0.49,0.64,-0.22,-0.14,-0.23,0.32,-0.16,-0.16,-0.02,-0.13,-0.09,-0.03,0.32,0.4,-0.08,-0.03,0.62,-0.18,0.45,0.15,0.48,-0.02,0.6,-0.1,-0.18,-0.28,0.43,-0.1,-0.21,-0.24,-0.19,0.28,-0.43,0.02,-0.18,0.07,-0.22,-0.35,0.0,0.0,0.45,-0.05,0.1,-0.21
0.4,0.7,0.49,0.06,1.0,0.67,0.31,0.1,0.83,0.72,0.57,0.75,0.61,0.66,0.57,0.8,0.82,0.32,0.64,0.25,0.79,0.79,0.52,0.78,-0.24,0.48,0.46,0.77,0.24,0.54,0.8,0.54,0.21,0.7,0.57,0.77,0.55,0.53,0.71,0.69,0.52,0.39,0.48,0.64,0.5,0.64,-0.2,0.68,0.83,0.59
0.52,0.85,0.86,-0.12,0.67,1.0,0.53,-0.08,0.84,0.95,0.9,0.79,0.94,0.86,0.8,0.8,0.88,0.69,0.43,0.39,0.91,0.83,0.47,0.91,-0.41,0.7,0.54,0.86,0.12,0.66,0.89,0.77,0.14,0.94,0.8,0.91,0.64,0.79,0.81,0.93,0.93,0.61,0.72,0.68,0.79,0.78,0.03,0.93,0.81,0.77
0.02,0.18,0.53,0.49,0.31,0.53,1.0,0.54,0.22,0.51,0.31,0.62,0.4,0.19,0.36,0.33,0.42,0.57,0.57,0.7,0.33,0.44,0.65,0.48,-0.16,0.59,0.7,0.59,0.52,0.25,0.38,0.17,0.17,0.47,0.14,0.27,-0.03,0.7,0.08,0.63,0.52,0.15,0.02,0.01,0.4,0.56,0.33,0.58,0.45,0.37
-0.25,-0.28,-0.19,0.64,0.1,-0.08,0.54,1.0,-0.17,-0.09,-0.37,0.14,-0.22,-0.32,-0.29,-0.08,-0.1,-0.16,0.4,0.24,-0.13,0.05,0.35,-0.12,0.36,-0.1,0.31,0.08,0.54,-0.05,-0.1,-0.18,0.31,-0.17,-0.38,-0.27,-0.28,0.05,-0.38,0.01,-0.23,-0.2,-0.37,-0.16,-0.27,-0.07,0.29,-0.07,0.02,-0.28
0.49,0.88,0.68,-0.22,0.83,0.84,0.22,-0.17,1.0,0.89,0.8,0.76,0.83,0.87,0.74,0.92,0.94,0.47,0.52,0.29,0.88,0.88,0.41,0.89,-0.47,0.57,0.48,0.85,0.06,0.65,0.95,0.74,0.0,0.89,0.81,0.95,0.65,0.63,0.91,0.81,0.76,0.49,0.7,0.77,0.66,0.75,-0.3,0.83,0.87,0.69
0.36,0.78,0.84,-0.14,0.72,0.95,0.51,-0.09,0.89,1.0,0.83,0.83,0.88,0.8,0.77,0.88,0.93,0.69,0.58,0.5,0.86,0.89,0.52,0.96,-0.6,0.74,0.63,0.91,0.12,0.57,0.95,0.69,-0.08,0.94,0.75,0.91,0.48,0.78,0.8,0.95,0.92,0.44,0.58,0.61,0.72,0.89,-0.18,0.97,0.84,0.76
0.67,0.91,0.82,-0.23,0.57,0.9,0.31,-0.37,0.8,0.83,1.0,0.66,0.91,0.95,0.85,0.74,0.82,0.63,0.2,0.26,0.86,0.7,0.3,0.81,-0.36,0.64,0.36,0.72,-0.07,0.66,0.78,0.81,0.12,0.92,0.91,0.92,0.77,0.73,0.87,0.81,0.89,0.71,0.86,0.71,0.84,0.66,0.03,0.81,0.73,0.75
0.31,0.67,0.71,0.32,0.75,0.79,0.62,0.14,0.76,0.83,0.66,1.0,0.76,0.7,0.75,0.74,0.85,0.6,0.65,0.6,0.81,0.8,0.84,0.79,-0.32,0.79,0.81,0.81,0.43,0.48,0.8,0.49,0.22,0.82,0.65,0.76,0.42,0.84,0.56,0.86,0.74,0.52,0.48,0.41,0.71,0.82,-0.02,0.84,0.89,0.64
0.55,0.86,0.86,-0.16,0.61,0.94,0.4,-0.22,0.83,0.88,0.91,0.76,1.0,0.88,0.85,0.72,0.84,0.71,0.32,0.37,0.89,0.72,0.46,0.85,-0.41,0.74,0.48,0.76,0.05,0.64,0.84,0.71,0.12,0.9,0.85,0.9,0.68,0.79,0.8,0.89,0.92,0.67,0.75,0.63,0.83,0.77,0.02,0.88,0.81,0.8
0.68,0.94,0.72,-0.16,0.66,0.86,0.19,-0.32,0.87,0.8,0.95,0.7,0.88,1.0,0.84,0.77,0.84,0.48,0.21,0.18,0.9,0.76,0.35,0.77,-0.24,0.57,0.37,0.7,-0.01,0.67,0.8,0.83,0.21,0.9,0.95,0.93,0.84,0.68,0.88,0.77,0.79,0.75,0.9,0.78,0.78,0.62,-0.03,0.76,0.77,0.67
0.47,0.8,0.83,-0.02,0.57,0.8,0.36,-0.29,0.74,0.77,0.85,0.75,0.85,0.84,1.0,0.65,0.83,0.72,0.34,0.52,0.75,0.6,0.54,0.77,-0.37,0.8,0.56,0.66,0.15,0.56,0.72,0.62,0.18,0.85,0.89,0.83,0.66,0.85,0.71,0.83,0.86,0.69,0.77,0.45,0.89,0.76,0.03,0.8,0.8,0.78
0.32,0.75,0.63,-0.13,0.8,0.8,0.33,-0.08,0.92,0.88,0.74,0.74,0.72,0.77,0.65,1.0,0.9,0.4,0.61,0.37,0.8,0.9,0.45,0.88,-0.53,0.52,0.56,0.88,0.03,0.53,0.93,0.74,-0.08,0.84,0.7,0.89,0.47,0.63,0.83,0.78,0.72,0.32,0.57,0.71,0.59,0.74,-0.35,0.84,0.8,0.57
0.38,0.83,0.76,-0.09,0.82,0.88,0.42,-0.1,0.94,0.93,0.82,0.85,0.84,0.84,0.83,0.9,1.0,0.6,0.58,0.48,0.86,0.88,0.55,0.95,-0.5,0.71,0.62,0.88,0.15,0.59,0.94,0.73,0.04,0.92,0.82,0.94,0.59,0.78,0.85,0.9,0.85,0.5,0.67,0.66,0.76,0.84,-0.22,0.91,0.91,0.75
0.29,0.52,0.9,-0.03,0.32,0.69,0.57,-0.16,0.47,0.69,0.63,0.6,0.71,0.48,0.72,0.4,0.6,1.0,0.42,0.63,0.54,0.45,0.47,0.69,-0.54,0.91,0.57,0.62,0.29,0.46,0.55,0.2,-0.09,0.69,0.52,0.56,0.29,0.75,0.43,0.78,0.84,0.42,0.35,0.09,0.79,0.84,0.18,0.75,0.66,0.88
-0.05,0.27,0.41,0.32,0.64,0.43,0.57,0.4,0.52,0.58,0.2,0.65,0.32,0.21,0.34,0.61,0.58,0.42,1.0,0.68,0.38,0.62,0.63,0.61,-0.41,0.52,0.71,0.72,0.53,0.3,0.61,0.1,-0.09,0.5,0.14,0.41,-0.07,0.52,0.28,0.6,0.41,-0.07,-0.03,0.14,0.29,0.68,-0.18,0.61,0.67,0.42
-0.2,0.15,0.52,0.4,0.25,0.39,0.7,0.24,0.29,0.5,0.26,0.6,0.37,0.18,0.52,0.37,0.48,0.63,0.68,1.0,0.22,0.33,0.73,0.49,-0.45,0.72,0.83,0.51,0.5,0.15,0.42,0.05,-0.13,0.44,0.23,0.28,-0.15,0.77,0.08,0.61,0.54,0.03,0.02,-0.19,0.48,0.7,0.02,0.61,0.51,0.39
0.63,0.9,0.74,-0.08,0.79,0.91,0.33,-0.13,0.88,0.86,0.86,0.81,0.89,0.9,0.75,0.8,0.86,0.54,0.38,0.22,1.0,0.83,0.48,0.83,-0.26,0.63,0.44,0.78,0.13,0.68,0.86,0.74,0.24,0.88,0.82,0.92,0.76,0.68,0.83,0.82,0.78,0.69,0.77,0.76,0.75,0.71,0.01,0.81,0.86,0.73
0.4,0.74,0.63,-0.03,0.79,0.83,0.44,0.05,0.88,0.89,0.7,0.8,0.72,0.76,0.6,0.9,0.88,0.45,0.62,0.33,0.83,1.0,0.47,0.85,-0.41,0.54,0.57,0.92,0.18,0.57,0.9,0.67,0.02,0.86,0.65,0.84,0.48,0.6,0.76,0.8,0.72,0.37,0.53,0.72,0.56,0.74,-0.22,0.84,0.81,0.59
-0.05,0.27,0.44,0.62,0.52,0.47,0.65,0.35,0.41,0.52,0.3,0.84,0.46,0.35,0.54,0.45,0.55,0.47,0.63,0.73,0.48,0.47,1.0,0.47,-0.14,0.73,0.86,0.53,0.58,0.16,0.51,0.14,0.24,0.47,0.33,0.41,0.08,0.78,0.14,0.64,0.45,0.32,0.14,-0.02,0.52,0.66,0.09,0.6,0.67,0.36
0.37,0.8,0.82,-0.18,0.78,0.91,0.48,-0.12,0.89,0.96,0.81,0.79,0.85,0.77,0.77,0.88,0.95,0.69,0.61,0.49,0.83,0.85,0.47,1.0,-0.62,0.72,0.6,0.91,0.12,0.61,0.93,0.67,-0.06,0.92,0.74,0.91,0.51,0.76,0.84,0.92,0.9,0.42,0.58,0.6,0.74,0.87,-0.21,0.94,0.86,0.81
0.15,-0.25,-0.54,0.45,-0.24,-0.41,-0.16,0.36,-0.47,-0.6,-0.36,-0.32,-0.41,-0.24,-0.37,-0.53,-0.5,-0.54,-0.41,-0.45,-0.26,-0.41,-0.14,-0.62,1.0,-0.49,-0.36,-0.53,0.2,-0.03,-0.57,-0.16,0.68,-0.46,-0.27,-0.46,0.12,-0.34,-0.44,-0.51,-0.59,0.21,-0.02,-0.08,-0.33,-0.68,0.59,-0.62,-0.38,-0.52
0.22,0.55,0.85,0.15,0.48,0.7,0.59,-0.1,0.57,0.74,0.64,0.79,0.74,0.57,0.8,0.52,0.71,0.91,0.52,0.72,0.63,0.54,0.73,0.72,-0.49,1.0,0.76,0.66,0.38,0.41,0.64,0.24,-0.02,0.73,0.61,0.64,0.31,0.87,0.43,0.84,0.81,0.48,0.39,0.09,0.85,0.91,0.09,0.81,0.79,0.81
-0.06,0.33,0.56,0.48,0.46,0.54,0.7,0.31,0.48,0.63,0.36,0.81,0.48,0.37,0.56,0.56,0.62,0.57,0.71,0.83,0.44,0.57,0.86,0.6,-0.36,0.76,1.0,0.64,0.48,0.3,0.56,0.18,0.03,0.59,0.38,0.46,0.02,0.81,0.21,0.7,0.58,0.25,0.17,-0.0,0.57,0.76,0.04,0.69,0.67,0.41
0.37,0.71,0.75,-0.02,0.77,0.86,0.59,0.08,0.85,0.91,0.72,0.81,0.76,0.7,0.66,0.88,0.88,0.62,0.72,0.51,0.78,0.92,0.53,0.91,-0.53,0.66,0.64,1.0,0.26,0.58,0.91,0.6,-0.03,0.89,0.6,0.83,0.39,0.7,0.73,0.88,0.81,0.3,0.45,0.62,0.62,0.84,-0.16,0.91,0.85,0.71
0.03,0.03,0.19,0.6,0.24,0.12,0.52,0.54,0.06,0.12,-0.07,0.43,0.05,-0.01,0.15,0.03,0.15,0.29,0.53,0.5,0.13,0.18,0.58,0.12,0.2,0.38,0.48,0.26,1.0,0.21,0.1,-0.15,0.38,0.13,-0.04,0.0,-0.0,0.36,-0.19,0.25,0.08,0.15,-0.11,-0.15,0.17,0.27,0.36,0.17,0.37,0.18
0.74,0.79,0.59,-0.1,0.54,0.66,0.25,-0.05,0.65,0.57,0.66,0.48,0.64,0.67,0.56,0.53,0.59,0.46,0.3,0.15,0.68,0.57,0.16,0.61,-0.03,0.41,0.3,0.58,0.21,1.0,0.53,0.56,0.31,0.7,0.65,0.65,0.71,0.47,0.66,0.55,0.58,0.66,0.7,0.63,0.62,0.44,0.33,0.49,0.65,0.61
0.35,0.78,0.72,-0.18,0.8,0.89,0.38,-0.1,0.95,0.95,0.78,0.8,0.84,0.8,0.72,0.93,0.94,0.55,0.61,0.42,0.86,0.9,0.51,0.93,-0.57,0.64,0.56,0.91,0.1,0.53,1.0,0.72,-0.06,0.89,0.73,0.93,0.48,0.69,0.84,0.88,0.82,0.37,0.57,0.69,0.64,0.83,-0.32,0.92,0.86,0.69
0.52,0.77,0.5,-0.28,0.54,0.77,0.17,-0.18,0.74,0.69,0.81,0.49,0.71,0.83,0.62,0.74,0.73,0.2,0.1,0.05,0.74,0.67,0.14,0.67,-0.16,0.24,0.18,0.6,-0.15,0.56,0.72,1.0,0.23,0.73,0.79,0.8,0.71,0.5,0.83,0.6,0.64,0.54,0.81,0.87,0.52,0.36,-0.11,0.62,0.53,0.4
0.39,0.21,-0.03,0.43,0.21,0.14,0.17,0.31,0.0,-0.08,0.12,0.22,0.12,0.21,0.18,-0.08,0.04,-0.09,-0.09,-0.13,0.24,0.02,0.24,-0.06,0.68,-0.02,0.03,-0.03,0.38,0.31,-0.06,0.23,1.0,0.07,0.19,0.07,0.47,0.17,0.02,0.02,-0.04,0.59,0.35,0.24,0.18,-0.19,0.6,-0.08,0.17,0.02
0.58,0.9,0.86,-0.1,0.7,0.94,0.47,-0.17,0.89,0.94,0.92,0.82,0.9,0.9,0.85,0.84,0.92,0.69,0.5,0.44,0.88,0.86,0.47,0.92,-0.46,0.73,0.59,0.89,0.13,0.7,0.89,0.73,0.07,1.0,0.85,0.94,0.64,0.79,0.85,0.91,0.93,0.61,0.73,0.67,0.81,0.82,-0.03,0.92,0.87,0.79
0.62,0.91,0.73,-0.21,0.57,0.8,0.14,-0.38,0.81,0.75,0.91,0.65,0.85,0.95,0.89,0.7,0.82,0.52,0.14,0.23,0.82,0.65,0.33,0.74,-0.27,0.61,0.38,0.6,-0.04,0.65,0.73,0.79,0.19,0.85,1.0,0.89,0.83,0.7,0.85,0.74,0.79,0.78,0.93,0.67,0.83,0.6,-0.02,0.71,0.73,0.68
0.56,0.93,0.77,-0.24,0.77,0.91,0.27,-0.27,0.95,0.91,0.92,0.76,0.9,0.93,0.83,0.89,0.94,0.56,0.41,0.28,0.92,0.84,0.41,0.91,-0.46,0.64,0.46,0.83,0.0,0.65,0.93,0.8,0.07,0.94,0.89,1.0,0.72,0.71,0.93,0.86,0.86,0.6,0.79,0.77,0.77,0.76,-0.19,0.87,0.86,0.76
0.8,0.86,0.51,-0.19,0.55,0.64,-0.03,-0.28,0.65,0.48,0.77,0.42,0.68,0.84,0.66,0.47,0.59,0.29,-0.07,-0.15,0.76,0.48,0.08,0.51,0.12,0.31,0.02,0.39,-0.0,0.71,0.48,0.71,0.47,0.64,0.83,0.72,1.0,0.41,0.74,0.48,0.52,0.85,0.92,0.75,0.65,0.28,0.21,0.42,0.58,0.57
0.25,0.62,0.79,0.28,0.53,0.79,0.7,0.05,0.63,0.78,0.73,0.84,0.79,0.68,0.85,0.63,0.78,0.75,0.52,0.77,0.68,0.6,0.78,0.76,-0.34,0.87,0.81,0.7,0.36,0.47,0.69,0.5,0.17,0.79,0.7,0.71,0.41,1.0,0.5,0.88,0.83,0.56,0.55,0.25,0.84,0.82,0.16,0.84,0.78,0.67
0.61,0.91,0.66,-0.43,0.71,0.81,0.08,-0.38,0.91,0.8,0.87,0.56,0.8,0.88,0.71,0.83,0.85,0.43,0.28,0.08,0.83,0.76,0.14,0.84,-0.44,0.43,0.21,0.73,-0.19,0.66,0.84,0.83,0.02,0.85,0.85,0.93,0.74,0.5,1.0,0.7,0.75,0.53,0.8,0.85,0.66,0.59,-0.27,0.73,0.72,0.7
0.34,0.75,0.89,0.02,0.69,0.93,0.63,0.01,0.81,0.95,0.81,0.86,0.89,0.77,0.83,0.78,0.9,0.78,0.6,0.61,0.82,0.8,0.64,0.92,-0.51,0.84,0.7,0.88,0.25,0.55,0.88,0.6,0.02,0.91,0.74,0.86,0.48,0.88,0.7,1.0,0.93,0.5,0.57,0.49,0.79,0.91,-0.03,0.97,0.87,0.79
0.42,0.78,0.94,-0.18,0.52,0.93,0.52,-0.23,0.76,0.92,0.89,0.74,0.92,0.79,0.86,0.72,0.85,0.84,0.41,0.54,0.78,0.72,0.45,0.9,-0.59,0.81,0.58,0.81,0.08,0.58,0.82,0.64,-0.04,0.93,0.79,0.86,0.52,0.83,0.75,0.93,1.0,0.54,0.64,0.49,0.84,0.86,-0.01,0.93,0.77,0.84
0.71,0.75,0.54,0.07,0.39,0.61,0.15,-0.2,0.49,0.44,0.71,0.52,0.67,0.75,0.69,0.32,0.5,0.42,-0.07,0.03,0.69,0.37,0.32,0.42,0.21,0.48,0.25,0.3,0.15,0.66,0.37,0.54,0.59,0.61,0.78,0.6,0.85,0.56,0.53,0.5,0.54,1.0,0.84,0.5,0.75,0.31,0.46,0.41,0.55,0.53
0.71,0.89,0.57,-0.22,0.48,0.72,0.02,-0.37,0.7,0.58,0.86,0.48,0.75,0.9,0.77,0.57,0.67,0.35,-0.03,0.02,0.77,0.53,0.14,0.58,-0.02,0.39,0.17,0.45,-0.11,0.7,0.57,0.81,0.35,0.73,0.93,0.79,0.92,0.55,0.8,0.57,0.64,0.84,1.0,0.75,0.74,0.38,0.14,0.53,0.59,0.55
0.67,0.8,0.39,-0.35,0.64,0.68,0.01,-0.16,0.77,0.61,0.71,0.41,0.63,0.78,0.45,0.71,0.66,0.09,0.14,-0.19,0.76,0.72,-0.02,0.6,-0.08,0.09,-0.0,0.62,-0.15,0.63,0.69,0.87,0.24,0.67,0.67,0.77,0.75,0.25,0.85,0.49,0.49,0.5,0.75,1.0,0.38,0.28,-0.12,0.5,0.54,0.41
0.5,0.78,0.83,0.0,0.5,0.79,0.4,-0.27,0.66,0.72,0.84,0.71,0.83,0.78,0.89,0.59,0.76,0.79,0.29,0.48,0.75,0.56,0.52,0.74,-0.33,0.85,0.57,0.62,0.17,0.62,0.64,0.52,0.18,0.81,0.83,0.77,0.65,0.84,0.66,0.79,0.84,0.75,0.74,0.38,1.0,0.76,0.19,0.76,0.77,0.83
0.18,0.61,0.85,0.0,0.64,0.78,0.56,-0.07,0.75,0.89,0.66,0.82,0.77,0.62,0.76,0.74,0.84,0.84,0.68,0.7,0.71,0.74,0.66,0.87,-0.68,0.91,0.76,0.84,0.27,0.44,0.83,0.36,-0.19,0.82,0.6,0.76,0.28,0.82,0.59,0.91,0.86,0.31,0.38,0.28,0.76,1.0,-0.16,0.92,0.85,0.82
0.34,0.02,0.09,0.45,-0.2,0.03,0.33,0.29,-0.3,-0.18,0.03,-0.02,0.02,-0.03,0.03,-0.35,-0.22,0.18,-0.18,0.02,0.01,-0.22,0.09,-0.21,0.59,0.09,0.04,-0.16,0.36,0.33,-0.32,-0.11,0.6,-0.03,-0.02,-0.19,0.21,0.16,-0.27,-0.03,-0.01,0.46,0.14,-0.12,0.19,-0.16,1.0,-0.16,-0.04,0.03
0.3,0.73,0.86,-0.05,0.68,0.93,0.58,-0.07,0.83,0.97,0.81,0.84,0.88,0.76,0.8,0.84,0.91,0.75,0.61,0.61,0.81,0.84,0.6,0.94,-0.62,0.81,0.69,0.91,0.17,0.49,0.92,0.62,-0.08,0.92,0.71,0.87,0.42,0.84,0.73,0.97,0.93,0.41,0.53,0.5,0.76,0.92,-0.16,1.0,0.84,0.78
0.45,0.8,0.77,0.1,0.83,0.81,0.45,0.02,0.87,0.84,0.73,0.89,0.81,0.77,0.8,0.8,0.91,0.66,0.67,0.51,0.86,0.81,0.67,0.86,-0.38,0.79,0.67,0.85,0.37,0.65,0.86,0.53,0.17,0.87,0.73,0.86,0.58,0.78,0.72,0.87,0.77,0.55,0.59,0.54,0.77,0.85,-0.04,0.84,1.0,0.79
0.5,0.74,0.88,-0.21,0.59,0.77,0.37,-0.28,0.69,0.76,0.75,0.64,0.8,0.67,0.78,0.57,0.75,0.88,0.42,0.39,0.73,0.59,0.36,0.81,-0.52,0.81,0.41,0.71,0.18,0.61,0.69,0.4,0.02,0.79,0.68,0.76,0.57,0.67,0.7,0.79,0.84,0.53,0.55,0.41,0.83,0.82,0.03,0.78,0.79,1.0
