Ticker,Compared_To,Correlation
ADANIENT,ADANIENT,1.0
ADANIPORTS,ADANIENT,0.88
APOLLOHOSP,ADANIENT,0.13
ASIANPAINT,ADANIENT,0.28
AXISBANK,ADANIENT,0.31
BAJAJ-AUTO,ADANIENT,0.2
BAJAJFINSV,ADANIENT,0.37
BAJFINANCE,ADANIENT,0.34
BEL,ADANIENT,0.52
BHARTIARTL,ADANIENT,0.27
BPCL,ADANIENT,0.46
BRITANNIA,ADANIENT,0.12
CIPLA,ADANIENT,0.09
COALINDIA,ADANIENT,0.5
DRREDDY,ADANIENT,0.17
EICHERMOT,ADANIENT,0.32
GRASIM,ADANIENT,0.34
HCLTECH,ADANIENT,0.13
HDFCBANK,ADANIENT,0.33
HDFCLIFE,ADANIENT,0.21
HEROMOTOCO,ADANIENT,0.21
HINDALCO,ADANIENT,0.31
HINDUNILVR,ADANIENT,-0.01
ICICIBANK,ADANIENT,0.39
INDUSINDBK,ADANIENT,0.4
INFY,ADANIENT,0.09
ITC,ADANIENT,0.25
JSWSTEEL,ADANIENT,0.4
KOTAKBANK,ADANIENT,0.23
LT,ADANIENT,0.48
M&M,ADANIENT,0.31
MARUTI,ADANIENT,0.32
NESTLEIND,ADANIENT,0.1
NTPC,ADANIENT,0.55
ONGC,ADANIENT,0.49
POWERGRID,ADANIENT,0.4
RELIANCE,ADANIENT,0.49
SBILIFE,ADANIENT,0.29
SBIN,ADANIENT,0.55
SHRIRAMFIN,ADANIENT,0.42
SUNPHARMA,ADANIENT,0.18
TATACONSUM,ADANIENT,0.21
TATAMOTORS,ADANIENT,0.33
TATASTEEL,ADANIENT,0.43
TCS,ADANIENT,0.1
TECHM,ADANIENT,0.13
TITAN,ADANIENT,0.28
TRENT,ADANIENT,0.2
ULTRACEMCO,ADANIENT,0.37
WIPRO,ADANIENT,0.22
ADANIENT,ADANIPORTS,0.88
ADANIPORTS,ADANIPORTS,1.0
APOLLOHOSP,ADANIPORTS,0.16
ASIANPAINT,ADANIPORTS,0.27
AXISBANK,ADANIPORTS,0.38
BAJAJ-AUTO,ADANIPORTS,0.21
BAJAJFINSV,ADANIPORTS,0.41
BAJFINANCE,ADANIPORTS,0.4
BEL,ADANIPORTS,0.58
BHARTIARTL,ADANIPORTS,0.31
BPCL,ADANIPORTS,0.5
BRITANNIA,ADANIPORTS,0.13
CIPLA,ADANIPORTS,0.09
COALINDIA,ADANIPORTS,0.55
DRREDDY,ADANIPORTS,0.18
EICHERMOT,ADANIPORTS,0.27
GRASIM,ADANIPORTS,0.35
HCLTECH,ADANIPORTS,0.15
HDFCBANK,ADANIPORTS,0.37
HDFCLIFE,ADANIPORTS,0.23
HEROMOTOCO,ADANIPORTS,0.2
HINDALCO,ADANIPORTS,0.33
HINDUNILVR,ADANIPORTS,0.0
ICICIBANK,ADANIPORTS,0.44
INDUSINDBK,ADANIPORTS,0.43
INFY,ADANIPORTS,0.14
ITC,ADANIPORTS,0.27
JSWSTEEL,ADANIPORTS,0.43
KOTAKBANK,ADANIPORTS,0.29
LT,ADANIPORTS,0.52
M&M,ADANIPORTS,0.32
MARUTI,ADANIPORTS,0.3
NESTLEIND,ADANIPORTS,0.09
NTPC,ADANIPORTS,0.61
ONGC,ADANIPORTS,0.53
POWERGRID,ADANIPORTS,0.51
RELIANCE,ADANIPORTS,0.52
SBILIFE,ADANIPORTS,0.28
SBIN,ADANIPORTS,0.58
SHRIRAMFIN,ADANIPORTS,0.47
SUNPHARMA,ADANIPORTS,0.22
TATACONSUM,ADANIPORTS,0.22
TATAMOTORS,ADANIPORTS,0.34
TATASTEEL,ADANIPORTS,0.46
TCS,ADANIPORTS,0.13
TECHM,ADANIPORTS,0.14
TITAN,ADANIPORTS,0.29
TRENT,ADANIPORTS,0.2
ULTRACEMCO,ADANIPORTS,0.41
WIPRO,ADANIPORTS,0.23
ADANIENT,APOLLOHOSP,0.13
ADANIPORTS,APOLLOHOSP,0.16
APOLLOHOSP,APOLLOHOSP,1.0
ASIANPAINT,APOLLOHOSP,0.25
AXISBANK,APOLLOHOSP,0.17
BAJAJ-AUTO,APOLLOHOSP,0.22
BAJAJFINSV,APOLLOHOSP,0.24
BAJFINANCE,APOLLOHOSP,0.2
BEL,APOLLOHOSP,0.21
BHARTIARTL,APOLLOHOSP,0.22
BPCL,APOLLOHOSP,0.17
BRITANNIA,APOLLOHOSP,0.23
CIPLA,APOLLOHOSP,0.22
COALINDIA,APOLLOHOSP,0.25
DRREDDY,APOLLOHOSP,0.24
EICHERMOT,APOLLOHOSP,0.28
GRASIM,APOLLOHOSP,0.25
HCLTECH,APOLLOHOSP,0.27
HDFCBANK,APOLLOHOSP,0.1
HDFCLIFE,APOLLOHOSP,0.13
HEROMOTOCO,APOLLOHOSP,0.24
HINDALCO,APOLLOHOSP,0.06
HINDUNILVR,APOLLOHOSP,0.11
ICICIBANK,APOLLOHOSP,0.15
INDUSINDBK,APOLLOHOSP,0.12
INFY,APOLLOHOSP,0.1
ITC,APOLLOHOSP,0.17
JSWSTEEL,APOLLOHOSP,0.27
KOTAKBANK,APOLLOHOSP,0.13
LT,APOLLOHOSP,0.22
M&M,APOLLOHOSP,0.24
MARUTI,APOLLOHOSP,0.19
NESTLEIND,APOLLOHOSP,0.22
NTPC,APOLLOHOSP,0.18
ONGC,APOLLOHOSP,0.17
POWERGRID,APOLLOHOSP,0.18
RELIANCE,APOLLOHOSP,0.23
SBILIFE,APOLLOHOSP,0.16
SBIN,APOLLOHOSP,0.17
SHRIRAMFIN,APOLLOHOSP,0.27
SUNPHARMA,APOLLOHOSP,0.29
TATACONSUM,APOLLOHOSP,0.09
TATAMOTORS,APOLLOHOSP,0.2
TATASTEEL,APOLLOHOSP,0.26
TCS,APOLLOHOSP,0.09
TECHM,APOLLOHOSP,0.15
TITAN,APOLLOHOSP,0.24
TRENT,APOLLOHOSP,0.08
ULTRACEMCO,APOLLOHOSP,0.27
WIPRO,APOLLOHOSP,0.22
ADANIENT,ASIANPAINT,0.28
ADANIPORTS,ASIANPAINT,0.27
APOLLOHOSP,ASIANPAINT,0.25
ASIANPAINT,ASIANPAINT,1.0
AXISBANK,ASIANPAINT,0.14
BAJAJ-AUTO,ASIANPAINT,0.16
BAJAJFINSV,ASIANPAINT,0.24
BAJFINANCE,ASIANPAINT,0.29
BEL,ASIANPAINT,0.15
BHARTIARTL,ASIANPAINT,0.13
BPCL,ASIANPAINT,0.21
BRITANNIA,ASIANPAINT,0.43
CIPLA,ASIANPAINT,0.15
COALINDIA,ASIANPAINT,0.19
DRREDDY,ASIANPAINT,0.15
EICHERMOT,ASIANPAINT,0.25
GRASIM,ASIANPAINT,0.34
HCLTECH,ASIANPAINT,0.12
HDFCBANK,ASIANPAINT,0.25
HDFCLIFE,ASIANPAINT,0.19
HEROMOTOCO,ASIANPAINT,0.17
HINDALCO,ASIANPAINT,0.21
HINDUNILVR,ASIANPAINT,0.27
ICICIBANK,ASIANPAINT,0.15
INDUSINDBK,ASIANPAINT,0.18
INFY,ASIANPAINT,0.09
ITC,ASIANPAINT,0.29
JSWSTEEL,ASIANPAINT,0.32
KOTAKBANK,ASIANPAINT,0.16
LT,ASIANPAINT,0.21
M&M,ASIANPAINT,0.12
MARUTI,ASIANPAINT,0.25
NESTLEIND,ASIANPAINT,0.27
NTPC,ASIANPAINT,0.22
ONGC,ASIANPAINT,0.13
POWERGRID,ASIANPAINT,0.11
RELIANCE,ASIANPAINT,0.29
SBILIFE,ASIANPAINT,0.21
SBIN,ASIANPAINT,0.1
SHRIRAMFIN,ASIANPAINT,0.21
SUNPHARMA,ASIANPAINT,0.22
TATACONSUM,ASIANPAINT,0.25
TATAMOTORS,ASIANPAINT,0.1
TATASTEEL,ASIANPAINT,0.29
TCS,ASIANPAINT,0.15
TECHM,ASIANPAINT,0.14
TITAN,ASIANPAINT,0.29
TRENT,ASIANPAINT,0.24
ULTRACEMCO,ASIANPAINT,0.27
WIPRO,ASIANPAINT,0.13
ADANIENT,AXISBANK,0.31
ADANIPORTS,AXISBANK,0.38
APOLLOHOSP,AXISBANK,0.17
ASIANPAINT,AXISBANK,0.14
AXISBANK,AXISBANK,1.0
BAJAJ-AUTO,AXISBANK,0.18
BAJAJFINSV,AXISBANK,0.42
BAJFINANCE,AXISBANK,0.37
BEL,AXISBANK,0.33
BHARTIARTL,AXISBANK,0.24
BPCL,AXISBANK,0.23
BRITANNIA,AXISBANK,0.13
CIPLA,AXISBANK,0.08
COALINDIA,AXISBANK,0.32
DRREDDY,AXISBANK,0.09
EICHERMOT,AXISBANK,0.29
GRASIM,AXISBANK,0.36
HCLTECH,AXISBANK,0.09
HDFCBANK,AXISBANK,0.45
HDFCLIFE,AXISBANK,0.25
HEROMOTOCO,AXISBANK,0.16
HINDALCO,AXISBANK,0.22
HINDUNILVR,AXISBANK,0.01
ICICIBANK,AXISBANK,0.65
INDUSINDBK,AXISBANK,0.35
INFY,AXISBANK,0.06
ITC,AXISBANK,0.26
JSWSTEEL,AXISBANK,0.36
KOTAKBANK,AXISBANK,0.3
LT,AXISBANK,0.35
M&M,AXISBANK,0.24
MARUTI,AXISBANK,0.25
NESTLEIND,AXISBANK,0.15
NTPC,AXISBANK,0.38
ONGC,AXISBANK,0.32
POWERGRID,AXISBANK,0.3
RELIANCE,AXISBANK,0.43
SBILIFE,AXISBANK,0.18
SBIN,AXISBANK,0.51
SHRIRAMFIN,AXISBANK,0.43
SUNPHARMA,AXISBANK,0.15
TATACONSUM,AXISBANK,0.14
TATAMOTORS,AXISBANK,0.24
TATASTEEL,AXISBANK,0.36
TCS,AXISBANK,0.11
TECHM,AXISBANK,0.13
TITAN,AXISBANK,0.14
TRENT,AXISBANK,0.18
ULTRACEMCO,AXISBANK,0.4
WIPRO,AXISBANK,0.2
ADANIENT,BAJAJ-AUTO,0.2
ADANIPORTS,BAJAJ-AUTO,0.21
APOLLOHOSP,BAJAJ-AUTO,0.22
ASIANPAINT,BAJAJ-AUTO,0.16
AXISBANK,BAJAJ-AUTO,0.18
BAJAJ-AUTO,BAJAJ-AUTO,1.0
BAJAJFINSV,BAJAJ-AUTO,0.23
BAJFINANCE,BAJAJ-AUTO,0.18
BEL,BAJAJ-AUTO,0.23
BHARTIARTL,BAJAJ-AUTO,0.28
BPCL,BAJAJ-AUTO,0.21
BRITANNIA,BAJAJ-AUTO,0.1
CIPLA,BAJAJ-AUTO,0.03
COALINDIA,BAJAJ-AUTO,0.23
DRREDDY,BAJAJ-AUTO,0.11
EICHERMOT,BAJAJ-AUTO,0.27
GRASIM,BAJAJ-AUTO,0.19
HCLTECH,BAJAJ-AUTO,0.13
HDFCBANK,BAJAJ-AUTO,0.18
HDFCLIFE,BAJAJ-AUTO,0.19
HEROMOTOCO,BAJAJ-AUTO,0.39
HINDALCO,BAJAJ-AUTO,0.22
HINDUNILVR,BAJAJ-AUTO,0.13
ICICIBANK,BAJAJ-AUTO,0.11
INDUSINDBK,BAJAJ-AUTO,0.19
INFY,BAJAJ-AUTO,-0.02
ITC,BAJAJ-AUTO,0.14
JSWSTEEL,BAJAJ-AUTO,0.22
KOTAKBANK,BAJAJ-AUTO,0.08
LT,BAJAJ-AUTO,0.16
M&M,BAJAJ-AUTO,0.27
MARUTI,BAJAJ-AUTO,0.34
NESTLEIND,BAJAJ-AUTO,0.16
NTPC,BAJAJ-AUTO,0.2
ONGC,BAJAJ-AUTO,0.19
POWERGRID,BAJAJ-AUTO,0.17
RELIANCE,BAJAJ-AUTO,0.26
SBILIFE,BAJAJ-AUTO,0.2
SBIN,BAJAJ-AUTO,0.14
SHRIRAMFIN,BAJAJ-AUTO,0.29
SUNPHARMA,BAJAJ-AUTO,0.16
TATACONSUM,BAJAJ-AUTO,0.19
TATAMOTORS,BAJAJ-AUTO,0.3
TATASTEEL,BAJAJ-AUTO,0.29
TCS,BAJAJ-AUTO,0.02
TECHM,BAJAJ-AUTO,0.04
TITAN,BAJAJ-AUTO,0.19
TRENT,BAJAJ-AUTO,0.22
ULTRACEMCO,BAJAJ-AUTO,0.24
WIPRO,BAJAJ-AUTO,0.12
ADANIENT,BAJAJFINSV,0.37
ADANIPORTS,BAJAJFINSV,0.41
APOLLOHOSP,BAJAJFINSV,0.24
ASIANPAINT,BAJAJFINSV,0.24
AXISBANK,BAJAJFINSV,0.42
BAJAJ-AUTO,BAJAJFINSV,0.23
BAJAJFINSV,BAJAJFINSV,1.0
BAJFINANCE,BAJAJFINSV,0.74
BEL,BAJAJFINSV,0.35
BHARTIARTL,BAJAJFINSV,0.26
BPCL,BAJAJFINSV,0.35
BRITANNIA,BAJAJFINSV,0.23
CIPLA,BAJAJFINSV,0.14
COALINDIA,BAJAJFINSV,0.29
DRREDDY,BAJAJFINSV,0.27
EICHERMOT,BAJAJFINSV,0.25
GRASIM,BAJAJFINSV,0.44
HCLTECH,BAJAJFINSV,0.28
HDFCBANK,BAJAJFINSV,0.32
HDFCLIFE,BAJAJFINSV,0.34
HEROMOTOCO,BAJAJFINSV,0.23
HINDALCO,BAJAJFINSV,0.3
HINDUNILVR,BAJAJFINSV,0.16
ICICIBANK,BAJAJFINSV,0.42
INDUSINDBK,BAJAJFINSV,0.42
INFY,BAJAJFINSV,0.24
ITC,BAJAJFINSV,0.3
JSWSTEEL,BAJAJFINSV,0.44
KOTAKBANK,BAJAJFINSV,0.26
LT,BAJAJFINSV,0.41
M&M,BAJAJFINSV,0.33
MARUTI,BAJAJFINSV,0.32
NESTLEIND,BAJAJFINSV,0.28
NTPC,BAJAJFINSV,0.4
ONGC,BAJAJFINSV,0.32
POWERGRID,BAJAJFINSV,0.32
RELIANCE,BAJAJFINSV,0.42
SBILIFE,BAJAJFINSV,0.42
SBIN,BAJAJFINSV,0.42
SHRIRAMFIN,BAJAJFINSV,0.49
SUNPHARMA,BAJAJFINSV,0.21
TATACONSUM,BAJAJFINSV,0.29
TATAMOTORS,BAJAJFINSV,0.28
TATASTEEL,BAJAJFINSV,0.47
TCS,BAJAJFINSV,0.23
TECHM,BAJAJFINSV,0.19
TITAN,BAJAJFINSV,0.29
TRENT,BAJAJFINSV,0.2
ULTRACEMCO,BAJAJFINSV,0.48
WIPRO,BAJAJFINSV,0.32
ADANIENT,BAJFINANCE,0.34
ADANIPORTS,BAJFINANCE,0.4
APOLLOHOSP,BAJFINANCE,0.2
ASIANPAINT,BAJFINANCE,0.29
AXISBANK,BAJFINANCE,0.37
BAJAJ-AUTO,BAJFINANCE,0.18
BAJAJFINSV,BAJFINANCE,0.74
BAJFINANCE,BAJFINANCE,1.0
BEL,BAJFINANCE,0.31
BHARTIARTL,BAJFINANCE,0.28
BPCL,BAJFINANCE,0.27
BRITANNIA,BAJFINANCE,0.21
CIPLA,BAJFINANCE,0.05
COALINDIA,BAJFINANCE,0.28
DRREDDY,BAJFINANCE,0.09
EICHERMOT,BAJFINANCE,0.18
GRASIM,BAJFINANCE,0.37
HCLTECH,BAJFINANCE,0.18
HDFCBANK,BAJFINANCE,0.33
HDFCLIFE,BAJFINANCE,0.3
HEROMOTOCO,BAJFINANCE,0.16
HINDALCO,BAJFINANCE,0.26
HINDUNILVR,BAJFINANCE,0.14
ICICIBANK,BAJFINANCE,0.34
INDUSINDBK,BAJFINANCE,0.41
INFY,BAJFINANCE,0.19
ITC,BAJFINANCE,0.3
JSWSTEEL,BAJFINANCE,0.38
KOTAKBANK,BAJFINANCE,0.31
LT,BAJFINANCE,0.38
M&M,BAJFINANCE,0.25
MARUTI,BAJFINANCE,0.27
NESTLEIND,BAJFINANCE,0.25
NTPC,BAJFINANCE,0.32
ONGC,BAJFINANCE,0.32
POWERGRID,BAJFINANCE,0.25
RELIANCE,BAJFINANCE,0.41
SBILIFE,BAJFINANCE,0.34
SBIN,BAJFINANCE,0.39
SHRIRAMFIN,BAJFINANCE,0.46
SUNPHARMA,BAJFINANCE,0.13
TATACONSUM,BAJFINANCE,0.22
TATAMOTORS,BAJFINANCE,0.21
TATASTEEL,BAJFINANCE,0.39
TCS,BAJFINANCE,0.17
TECHM,BAJFINANCE,0.15
TITAN,BAJFINANCE,0.24
TRENT,BAJFINANCE,0.23
ULTRACEMCO,BAJFINANCE,0.44
WIPRO,BAJFINANCE,0.23
ADANIENT,BEL,0.52
ADANIPORTS,BEL,0.58
APOLLOHOSP,BEL,0.21
ASIANPAINT,BEL,0.15
AXISBANK,BEL,0.33
BAJAJ-AUTO,BEL,0.23
BAJAJFINSV,BEL,0.35
BAJFINANCE,BEL,0.31
BEL,BEL,1.0
BHARTIARTL,BEL,0.3
BPCL,BEL,0.51
BRITANNIA,BEL,0.07
CIPLA,BEL,0.08
COALINDIA,BEL,0.62
DRREDDY,BEL,0.14
EICHERMOT,BEL,0.28
GRASIM,BEL,0.33
HCLTECH,BEL,0.22
HDFCBANK,BEL,0.33
HDFCLIFE,BEL,0.24
HEROMOTOCO,BEL,0.08
HINDALCO,BEL,0.37
HINDUNILVR,BEL,-0.06
ICICIBANK,BEL,0.31
INDUSINDBK,BEL,0.32
INFY,BEL,0.15
ITC,BEL,0.22
JSWSTEEL,BEL,0.45
KOTAKBANK,BEL,0.26
LT,BEL,0.59
M&M,BEL,0.37
MARUTI,BEL,0.22
NESTLEIND,BEL,0.06
NTPC,BEL,0.61
ONGC,BEL,0.58
POWERGRID,BEL,0.54
RELIANCE,BEL,0.5
SBILIFE,BEL,0.2
SBIN,BEL,0.58
SHRIRAMFIN,BEL,0.47
SUNPHARMA,BEL,0.17
TATACONSUM,BEL,0.17
TATAMOTORS,BEL,0.37
TATASTEEL,BEL,0.52
TCS,BEL,0.12
TECHM,BEL,0.21
TITAN,BEL,0.15
TRENT,BEL,0.27
ULTRACEMCO,BEL,0.45
WIPRO,BEL,0.25
ADANIENT,BHARTIARTL,0.27
ADANIPORTS,BHARTIARTL,0.31
APOLLOHOSP,BHARTIARTL,0.22
ASIANPAINT,BHARTIARTL,0.13
AXISBANK,BHARTIARTL,0.24
BAJAJ-AUTO,BHARTIARTL,0.28
BAJAJFINSV,BHARTIARTL,0.26
BAJFINANCE,BHARTIARTL,0.28
BEL,BHARTIARTL,0.3
BHARTIARTL,BHARTIARTL,1.0
BPCL,BHARTIARTL,0.26
BRITANNIA,BHARTIARTL,0.12
CIPLA,BHARTIARTL,0.11
COALINDIA,BHARTIARTL,0.26
DRREDDY,BHARTIARTL,0.18
EICHERMOT,BHARTIARTL,0.28
GRASIM,BHARTIARTL,0.29
HCLTECH,BHARTIARTL,0.26
HDFCBANK,BHARTIARTL,0.19
HDFCLIFE,BHARTIARTL,0.21
HEROMOTOCO,BHARTIARTL,0.19
HINDALCO,BHARTIARTL,0.29
HINDUNILVR,BHARTIARTL,0.16
ICICIBANK,BHARTIARTL,0.35
INDUSINDBK,BHARTIARTL,0.23
INFY,BHARTIARTL,0.27
ITC,BHARTIARTL,0.26
JSWSTEEL,BHARTIARTL,0.36
KOTAKBANK,BHARTIARTL,0.3
LT,BHARTIARTL,0.32
M&M,BHARTIARTL,0.28
MARUTI,BHARTIARTL,0.35
NESTLEIND,BHARTIARTL,0.1
NTPC,BHARTIARTL,0.37
ONGC,BHARTIARTL,0.34
POWERGRID,BHARTIARTL,0.31
RELIANCE,BHARTIARTL,0.35
SBILIFE,BHARTIARTL,0.24
SBIN,BHARTIARTL,0.29
SHRIRAMFIN,BHARTIARTL,0.35
SUNPHARMA,BHARTIARTL,0.26
TATACONSUM,BHARTIARTL,0.25
TATAMOTORS,BHARTIARTL,0.26
TATASTEEL,BHARTIARTL,0.31
TCS,BHARTIARTL,0.18
TECHM,BHARTIARTL,0.25
TITAN,BHARTIARTL,0.28
TRENT,BHARTIARTL,0.26
ULTRACEMCO,BHARTIARTL,0.36
WIPRO,BHARTIARTL,0.25
ADANIENT,BPCL,0.46
ADANIPORTS,BPCL,0.5
APOLLOHOSP,BPCL,0.17
ASIANPAINT,BPCL,0.21
AXISBANK,BPCL,0.23
BAJAJ-AUTO,BPCL,0.21
BAJAJFINSV,BPCL,0.35
BAJFINANCE,BPCL,0.27
BEL,BPCL,0.51
BHARTIARTL,BPCL,0.26
BPCL,BPCL,1.0
BRITANNIA,BPCL,0.02
CIPLA,BPCL,0.06
COALINDIA,BPCL,0.62
DRREDDY,BPCL,0.19
EICHERMOT,BPCL,0.25
GRASIM,BPCL,0.34
HCLTECH,BPCL,0.15
HDFCBANK,BPCL,0.22
HDFCLIFE,BPCL,0.17
HEROMOTOCO,BPCL,0.22
HINDALCO,BPCL,0.35
HINDUNILVR,BPCL,-0.01
ICICIBANK,BPCL,0.22
INDUSINDBK,BPCL,0.36
INFY,BPCL,0.13
ITC,BPCL,0.17
JSWSTEEL,BPCL,0.37
KOTAKBANK,BPCL,0.15
LT,BPCL,0.47
M&M,BPCL,0.28
MARUTI,BPCL,0.3
NESTLEIND,BPCL,0.06
NTPC,BPCL,0.61
ONGC,BPCL,0.6
POWERGRID,BPCL,0.54
RELIANCE,BPCL,0.48
SBILIFE,BPCL,0.24
SBIN,BPCL,0.53
SHRIRAMFIN,BPCL,0.41
SUNPHARMA,BPCL,0.21
TATACONSUM,BPCL,0.16
TATAMOTORS,BPCL,0.44
TATASTEEL,BPCL,0.47
TCS,BPCL,0.18
TECHM,BPCL,0.2
TITAN,BPCL,0.27
TRENT,BPCL,0.22
ULTRACEMCO,BPCL,0.4
WIPRO,BPCL,0.21
ADANIENT,BRITANNIA,0.12
ADANIPORTS,BRITANNIA,0.13
APOLLOHOSP,BRITANNIA,0.23
ASIANPAINT,BRITANNIA,0.43
AXISBANK,BRITANNIA,0.13
BAJAJ-AUTO,BRITANNIA,0.1
BAJAJFINSV,BRITANNIA,0.23
BAJFINANCE,BRITANNIA,0.21
BEL,BRITANNIA,0.07
BHARTIARTL,BRITANNIA,0.12
BPCL,BRITANNIA,0.02
BRITANNIA,BRITANNIA,1.0
CIPLA,BRITANNIA,0.15
COALINDIA,BRITANNIA,0.07
DRREDDY,BRITANNIA,0.19
EICHERMOT,BRITANNIA,0.09
GRASIM,BRITANNIA,0.22
HCLTECH,BRITANNIA,0.11
HDFCBANK,BRITANNIA,0.06
HDFCLIFE,BRITANNIA,-0.01
HEROMOTOCO,BRITANNIA,0.18
HINDALCO,BRITANNIA,0.1
HINDUNILVR,BRITANNIA,0.47
ICICIBANK,BRITANNIA,0.05
INDUSINDBK,BRITANNIA,0.12
INFY,BRITANNIA,0.1
ITC,BRITANNIA,0.38
JSWSTEEL,BRITANNIA,0.19
KOTAKBANK,BRITANNIA,0.23
LT,BRITANNIA,0.09
M&M,BRITANNIA,0.12
MARUTI,BRITANNIA,0.17
NESTLEIND,BRITANNIA,0.48
NTPC,BRITANNIA,0.08
ONGC,BRITANNIA,0.04
POWERGRID,BRITANNIA,-0.03
RELIANCE,BRITANNIA,0.14
SBILIFE,BRITANNIA,0.09
SBIN,BRITANNIA,-0.0
SHRIRAMFIN,BRITANNIA,0.12
SUNPHARMA,BRITANNIA,0.19
TATACONSUM,BRITANNIA,0.41
TATAMOTORS,BRITANNIA,0.1
TATASTEEL,BRITANNIA,0.11
TCS,BRITANNIA,0.11
TECHM,BRITANNIA,0.13
TITAN,BRITANNIA,0.07
TRENT,BRITANNIA,0.03
ULTRACEMCO,BRITANNIA,0.19
WIPRO,BRITANNIA,0.16
ADANIENT,CIPLA,0.09
ADANIPORTS,CIPLA,0.09
APOLLOHOSP,CIPLA,0.22
ASIANPAINT,CIPLA,0.15
AXISBANK,CIPLA,0.08
BAJAJ-AUTO,CIPLA,0.03
BAJAJFINSV,CIPLA,0.14
BAJFINANCE,CIPLA,0.05
BEL,CIPLA,0.08
BHARTIARTL,CIPLA,0.11
BPCL,CIPLA,0.06
BRITANNIA,CIPLA,0.15
CIPLA,CIPLA,1.0
COALINDIA,CIPLA,0.09
DRREDDY,CIPLA,0.41
EICHERMOT,CIPLA,0.08
GRASIM,CIPLA,0.15
HCLTECH,CIPLA,0.04
HDFCBANK,CIPLA,-0.03
HDFCLIFE,CIPLA,0.07
HEROMOTOCO,CIPLA,0.14
HINDALCO,CIPLA,0.09
HINDUNILVR,CIPLA,0.04
ICICIBANK,CIPLA,0.08
INDUSINDBK,CIPLA,0.03
INFY,CIPLA,0.05
ITC,CIPLA,0.12
JSWSTEEL,CIPLA,0.16
KOTAKBANK,CIPLA,0.03
LT,CIPLA,0.15
M&M,CIPLA,0.18
MARUTI,CIPLA,0.07
NESTLEIND,CIPLA,0.11
NTPC,CIPLA,0.09
ONGC,CIPLA,0.02
POWERGRID,CIPLA,0.12
RELIANCE,CIPLA,0.05
SBILIFE,CIPLA,0.12
SBIN,CIPLA,0.02
SHRIRAMFIN,CIPLA,0.08
SUNPHARMA,CIPLA,0.42
TATACONSUM,CIPLA,0.07
TATAMOTORS,CIPLA,0.05
TATASTEEL,CIPLA,0.13
TCS,CIPLA,0.08
TECHM,CIPLA,0.04
TITAN,CIPLA,0.1
TRENT,CIPLA,0.13
ULTRACEMCO,CIPLA,0.11
WIPRO,CIPLA,0.08
ADANIENT,COALINDIA,0.5
ADANIPORTS,COALINDIA,0.55
APOLLOHOSP,COALINDIA,0.25
ASIANPAINT,COALINDIA,0.19
AXISBANK,COALINDIA,0.32
BAJAJ-AUTO,COALINDIA,0.23
BAJAJFINSV,COALINDIA,0.29
BAJFINANCE,COALINDIA,0.28
BEL,COALINDIA,0.62
BHARTIARTL,COALINDIA,0.26
BPCL,COALINDIA,0.62
BRITANNIA,COALINDIA,0.07
CIPLA,COALINDIA,0.09
COALINDIA,COALINDIA,1.0
DRREDDY,COALINDIA,0.19
EICHERMOT,COALINDIA,0.3
GRASIM,COALINDIA,0.27
HCLTECH,COALINDIA,0.17
HDFCBANK,COALINDIA,0.27
HDFCLIFE,COALINDIA,0.2
HEROMOTOCO,COALINDIA,0.26
HINDALCO,COALINDIA,0.38
HINDUNILVR,COALINDIA,-0.04
ICICIBANK,COALINDIA,0.24
INDUSINDBK,COALINDIA,0.36
INFY,COALINDIA,0.11
ITC,COALINDIA,0.24
JSWSTEEL,COALINDIA,0.43
KOTAKBANK,COALINDIA,0.22
LT,COALINDIA,0.49
M&M,COALINDIA,0.29
MARUTI,COALINDIA,0.26
NESTLEIND,COALINDIA,0.08
NTPC,COALINDIA,0.62
ONGC,COALINDIA,0.65
POWERGRID,COALINDIA,0.53
RELIANCE,COALINDIA,0.51
SBILIFE,COALINDIA,0.24
SBIN,COALINDIA,0.51
SHRIRAMFIN,COALINDIA,0.43
SUNPHARMA,COALINDIA,0.18
TATACONSUM,COALINDIA,0.21
TATAMOTORS,COALINDIA,0.41
TATASTEEL,COALINDIA,0.53
TCS,COALINDIA,0.1
TECHM,COALINDIA,0.17
TITAN,COALINDIA,0.24
TRENT,COALINDIA,0.27
ULTRACEMCO,COALINDIA,0.33
WIPRO,COALINDIA,0.23
ADANIENT,DRREDDY,0.17
ADANIPORTS,DRREDDY,0.18
APOLLOHOSP,DRREDDY,0.24
ASIANPAINT,DRREDDY,0.15
AXISBANK,DRREDDY,0.09
BAJAJ-AUTO,DRREDDY,0.11
BAJAJFINSV,DRREDDY,0.27
BAJFINANCE,DRREDDY,0.09
BEL,DRREDDY,0.14
BHARTIARTL,DRREDDY,0.18
BPCL,DRREDDY,0.19
BRITANNIA,DRREDDY,0.19
CIPLA,DRREDDY,0.41
COALINDIA,DRREDDY,0.19
DRREDDY,DRREDDY,1.0
EICHERMOT,DRREDDY,0.13
GRASIM,DRREDDY,0.25
HCLTECH,DRREDDY,0.25
HDFCBANK,DRREDDY,0.15
HDFCLIFE,DRREDDY,0.11
HEROMOTOCO,DRREDDY,0.14
HINDALCO,DRREDDY,0.2
HINDUNILVR,DRREDDY,0.16
ICICIBANK,DRREDDY,0.04
INDUSINDBK,DRREDDY,0.1
INFY,DRREDDY,0.24
ITC,DRREDDY,0.18
JSWSTEEL,DRREDDY,0.24
KOTAKBANK,DRREDDY,-0.05
LT,DRREDDY,0.12
M&M,DRREDDY,0.23
MARUTI,DRREDDY,0.14
NESTLEIND,DRREDDY,0.25
NTPC,DRREDDY,0.21
ONGC,DRREDDY,0.18
POWERGRID,DRREDDY,0.19
RELIANCE,DRREDDY,0.17
SBILIFE,DRREDDY,0.2
SBIN,DRREDDY,0.14
SHRIRAMFIN,DRREDDY,0.15
SUNPHARMA,DRREDDY,0.41
TATACONSUM,DRREDDY,0.12
TATAMOTORS,DRREDDY,0.21
TATASTEEL,DRREDDY,0.2
TCS,DRREDDY,0.23
TECHM,DRREDDY,0.21
TITAN,DRREDDY,0.13
TRENT,DRREDDY,0.18
ULTRACEMCO,DRREDDY,0.26
WIPRO,DRREDDY,0.27
ADANIENT,EICHERMOT,0.32
ADANIPORTS,EICHERMOT,0.27
APOLLOHOSP,EICHERMOT,0.28
ASIANPAINT,EICHERMOT,0.25
AXISBANK,EICHERMOT,0.29
BAJAJ-AUTO,EICHERMOT,0.27
BAJAJFINSV,EICHERMOT,0.25
BAJFINANCE,EICHERMOT,0.18
BEL,EICHERMOT,0.28
BHARTIARTL,EICHERMOT,0.28
BPCL,EICHERMOT,0.25
BRITANNIA,EICHERMOT,0.09
CIPLA,EICHERMOT,0.08
COALINDIA,EICHERMOT,0.3
DRREDDY,EICHERMOT,0.13
EICHERMOT,EICHERMOT,1.0
GRASIM,EICHERMOT,0.38
HCLTECH,EICHERMOT,0.17
HDFCBANK,EICHERMOT,0.28
HDFCLIFE,EICHERMOT,0.24
HEROMOTOCO,EICHERMOT,0.27
HINDALCO,EICHERMOT,0.28
HINDUNILVR,EICHERMOT,0.11
ICICIBANK,EICHERMOT,0.35
INDUSINDBK,EICHERMOT,0.27
INFY,EICHERMOT,0.11
ITC,EICHERMOT,0.26
JSWSTEEL,EICHERMOT,0.33
KOTAKBANK,EICHERMOT,0.24
LT,EICHERMOT,0.33
M&M,EICHERMOT,0.35
MARUTI,EICHERMOT,0.39
NESTLEIND,EICHERMOT,0.12
NTPC,EICHERMOT,0.27
ONGC,EICHERMOT,0.24
POWERGRID,EICHERMOT,0.21
RELIANCE,EICHERMOT,0.33
SBILIFE,EICHERMOT,0.33
SBIN,EICHERMOT,0.31
SHRIRAMFIN,EICHERMOT,0.36
SUNPHARMA,EICHERMOT,0.17
TATACONSUM,EICHERMOT,0.18
TATAMOTORS,EICHERMOT,0.32
TATASTEEL,EICHERMOT,0.32
TCS,EICHERMOT,0.13
TECHM,EICHERMOT,0.18
TITAN,EICHERMOT,0.27
TRENT,EICHERMOT,0.24
ULTRACEMCO,EICHERMOT,0.31
WIPRO,EICHERMOT,0.26
ADANIENT,GRASIM,0.34
ADANIPORTS,GRASIM,0.35
APOLLOHOSP,GRASIM,0.25
ASIANPAINT,GRASIM,0.34
AXISBANK,GRASIM,0.36
BAJAJ-AUTO,GRASIM,0.19
BAJAJFINSV,GRASIM,0.44
BAJFINANCE,GRASIM,0.37
BEL,GRASIM,0.33
BHARTIARTL,GRASIM,0.29
BPCL,GRASIM,0.34
BRITANNIA,GRASIM,0.22
CIPLA,GRASIM,0.15
COALINDIA,GRASIM,0.27
DRREDDY,GRASIM,0.25
EICHERMOT,GRASIM,0.38
GRASIM,GRASIM,1.0
HCLTECH,GRASIM,0.17
HDFCBANK,GRASIM,0.29
HDFCLIFE,GRASIM,0.24
HEROMOTOCO,GRASIM,0.26
HINDALCO,GRASIM,0.43
HINDUNILVR,GRASIM,0.16
ICICIBANK,GRASIM,0.4
INDUSINDBK,GRASIM,0.34
INFY,GRASIM,0.17
ITC,GRASIM,0.27
JSWSTEEL,GRASIM,0.5
KOTAKBANK,GRASIM,0.23
LT,GRASIM,0.34
M&M,GRASIM,0.3
MARUTI,GRASIM,0.29
NESTLEIND,GRASIM,0.27
NTPC,GRASIM,0.39
ONGC,GRASIM,0.33
POWERGRID,GRASIM,0.36
RELIANCE,GRASIM,0.39
SBILIFE,GRASIM,0.24
SBIN,GRASIM,0.43
SHRIRAMFIN,GRASIM,0.36
SUNPHARMA,GRASIM,0.22
TATACONSUM,GRASIM,0.28
TATAMOTORS,GRASIM,0.34
TATASTEEL,GRASIM,0.46
TCS,GRASIM,0.18
TECHM,GRASIM,0.16
TITAN,GRASIM,0.36
TRENT,GRASIM,0.24
ULTRACEMCO,GRASIM,0.58
WIPRO,GRASIM,0.23
ADANIENT,HCLTECH,0.13
ADANIPORTS,HCLTECH,0.15
APOLLOHOSP,HCLTECH,0.27
ASIANPAINT,HCLTECH,0.12
AXISBANK,HCLTECH,0.09
BAJAJ-AUTO,HCLTECH,0.13
BAJAJFINSV,HCLTECH,0.28
BAJFINANCE,HCLTECH,0.18
BEL,HCLTECH,0.22
BHARTIARTL,HCLTECH,0.26
BPCL,HCLTECH,0.15
BRITANNIA,HCLTECH,0.11
CIPLA,HCLTECH,0.04
COALINDIA,HCLTECH,0.17
DRREDDY,HCLTECH,0.25
EICHERMOT,HCLTECH,0.17
GRASIM,HCLTECH,0.17
HCLTECH,HCLTECH,1.0
HDFCBANK,HCLTECH,0.05
HDFCLIFE,HCLTECH,0.12
HEROMOTOCO,HCLTECH,0.14
HINDALCO,HCLTECH,0.26
HINDUNILVR,HCLTECH,0.12
ICICIBANK,HCLTECH,0.11
INDUSINDBK,HCLTECH,0.11
INFY,HCLTECH,0.71
ITC,HCLTECH,0.18
JSWSTEEL,HCLTECH,0.25
KOTAKBANK,HCLTECH,0.12
LT,HCLTECH,0.22
M&M,HCLTECH,0.21
MARUTI,HCLTECH,0.21
NESTLEIND,HCLTECH,0.09
NTPC,HCLTECH,0.15
ONGC,HCLTECH,0.22
POWERGRID,HCLTECH,0.11
RELIANCE,HCLTECH,0.28
SBILIFE,HCLTECH,0.2
SBIN,HCLTECH,0.21
SHRIRAMFIN,HCLTECH,0.22
SUNPHARMA,HCLTECH,0.16
TATACONSUM,HCLTECH,0.2
TATAMOTORS,HCLTECH,0.25
TATASTEEL,HCLTECH,0.27
TCS,HCLTECH,0.64
TECHM,HCLTECH,0.56
TITAN,HCLTECH,0.2
TRENT,HCLTECH,0.2
ULTRACEMCO,HCLTECH,0.22
WIPRO,HCLTECH,0.6
ADANIENT,HDFCBANK,0.33
ADANIPORTS,HDFCBANK,0.37
APOLLOHOSP,HDFCBANK,0.1
ASIANPAINT,HDFCBANK,0.25
AXISBANK,HDFCBANK,0.45
BAJAJ-AUTO,HDFCBANK,0.18
BAJAJFINSV,HDFCBANK,0.32
BAJFINANCE,HDFCBANK,0.33
BEL,HDFCBANK,0.33
BHARTIARTL,HDFCBANK,0.19
BPCL,HDFCBANK,0.22
BRITANNIA,HDFCBANK,0.06
CIPLA,HDFCBANK,-0.03
COALINDIA,HDFCBANK,0.27
DRREDDY,HDFCBANK,0.15
EICHERMOT,HDFCBANK,0.28
GRASIM,HDFCBANK,0.29
HCLTECH,HDFCBANK,0.05
HDFCBANK,HDFCBANK,1.0
HDFCLIFE,HDFCBANK,0.21
HEROMOTOCO,HDFCBANK,0.1
HINDALCO,HDFCBANK,0.26
HINDUNILVR,HDFCBANK,0.07
ICICIBANK,HDFCBANK,0.43
INDUSINDBK,HDFCBANK,0.38
INFY,HDFCBANK,0.1
ITC,HDFCBANK,0.17
JSWSTEEL,HDFCBANK,0.37
KOTAKBANK,HDFCBANK,0.41
LT,HDFCBANK,0.34
M&M,HDFCBANK,0.32
MARUTI,HDFCBANK,0.24
NESTLEIND,HDFCBANK,0.06
NTPC,HDFCBANK,0.34
ONGC,HDFCBANK,0.28
POWERGRID,HDFCBANK,0.32
RELIANCE,HDFCBANK,0.3
SBILIFE,HDFCBANK,0.21
SBIN,HDFCBANK,0.36
SHRIRAMFIN,HDFCBANK,0.35
SUNPHARMA,HDFCBANK,0.07
TATACONSUM,HDFCBANK,0.11
TATAMOTORS,HDFCBANK,0.22
TATASTEEL,HDFCBANK,0.39
TCS,HDFCBANK,0.03
TECHM,HDFCBANK,0.19
TITAN,HDFCBANK,0.18
TRENT,HDFCBANK,0.11
ULTRACEMCO,HDFCBANK,0.36
WIPRO,HDFCBANK,0.18
ADANIENT,HDFCLIFE,0.21
ADANIPORTS,HDFCLIFE,0.23
APOLLOHOSP,HDFCLIFE,0.13
ASIANPAINT,HDFCLIFE,0.19
AXISBANK,HDFCLIFE,0.25
BAJAJ-AUTO,HDFCLIFE,0.19
BAJAJFINSV,HDFCLIFE,0.34
BAJFINANCE,HDFCLIFE,0.3
BEL,HDFCLIFE,0.24
BHARTIARTL,HDFCLIFE,0.21
BPCL,HDFCLIFE,0.17
BRITANNIA,HDFCLIFE,-0.01
CIPLA,HDFCLIFE,0.07
COALINDIA,HDFCLIFE,0.2
DRREDDY,HDFCLIFE,0.11
EICHERMOT,HDFCLIFE,0.24
GRASIM,HDFCLIFE,0.24
HCLTECH,HDFCLIFE,0.12
HDFCBANK,HDFCLIFE,0.21
HDFCLIFE,HDFCLIFE,1.0
HEROMOTOCO,HDFCLIFE,0.21
HINDALCO,HDFCLIFE,0.19
HINDUNILVR,HDFCLIFE,0.15
ICICIBANK,HDFCLIFE,0.19
INDUSINDBK,HDFCLIFE,0.18
INFY,HDFCLIFE,0.06
ITC,HDFCLIFE,0.19
JSWSTEEL,HDFCLIFE,0.24
KOTAKBANK,HDFCLIFE,0.19
LT,HDFCLIFE,0.25
M&M,HDFCLIFE,0.2
MARUTI,HDFCLIFE,0.24
NESTLEIND,HDFCLIFE,0.14
NTPC,HDFCLIFE,0.19
ONGC,HDFCLIFE,0.2
POWERGRID,HDFCLIFE,0.1
RELIANCE,HDFCLIFE,0.21
SBILIFE,HDFCLIFE,0.59
SBIN,HDFCLIFE,0.21
SHRIRAMFIN,HDFCLIFE,0.3
SUNPHARMA,HDFCLIFE,0.16
TATACONSUM,HDFCLIFE,0.21
TATAMOTORS,HDFCLIFE,0.21
TATASTEEL,HDFCLIFE,0.26
TCS,HDFCLIFE,0.11
TECHM,HDFCLIFE,0.1
TITAN,HDFCLIFE,0.2
TRENT,HDFCLIFE,0.2
ULTRACEMCO,HDFCLIFE,0.24
WIPRO,HDFCLIFE,0.19
ADANIENT,HEROMOTOCO,0.21
ADANIPORTS,HEROMOTOCO,0.2
APOLLOHOSP,HEROMOTOCO,0.24
ASIANPAINT,HEROMOTOCO,0.17
AXISBANK,HEROMOTOCO,0.16
BAJAJ-AUTO,HEROMOTOCO,0.39
BAJAJFINSV,HEROMOTOCO,0.23
BAJFINANCE,HEROMOTOCO,0.16
BEL,HEROMOTOCO,0.08
BHARTIARTL,HEROMOTOCO,0.19
BPCL,HEROMOTOCO,0.22
BRITANNIA,HEROMOTOCO,0.18
CIPLA,HEROMOTOCO,0.14
COALINDIA,HEROMOTOCO,0.26
DRREDDY,HEROMOTOCO,0.14
EICHERMOT,HEROMOTOCO,0.27
GRASIM,HEROMOTOCO,0.26
HCLTECH,HEROMOTOCO,0.14
HDFCBANK,HEROMOTOCO,0.1
HDFCLIFE,HEROMOTOCO,0.21
HEROMOTOCO,HEROMOTOCO,1.0
HINDALCO,HEROMOTOCO,0.23
HINDUNILVR,HEROMOTOCO,0.2
ICICIBANK,HEROMOTOCO,0.14
INDUSINDBK,HEROMOTOCO,0.2
INFY,HEROMOTOCO,0.1
ITC,HEROMOTOCO,0.09
JSWSTEEL,HEROMOTOCO,0.2
KOTAKBANK,HEROMOTOCO,0.14
LT,HEROMOTOCO,0.19
M&M,HEROMOTOCO,0.36
MARUTI,HEROMOTOCO,0.29
NESTLEIND,HEROMOTOCO,0.24
NTPC,HEROMOTOCO,0.14
ONGC,HEROMOTOCO,0.2
POWERGRID,HEROMOTOCO,0.13
RELIANCE,HEROMOTOCO,0.24
SBILIFE,HEROMOTOCO,0.21
SBIN,HEROMOTOCO,0.13
SHRIRAMFIN,HEROMOTOCO,0.26
SUNPHARMA,HEROMOTOCO,0.23
TATACONSUM,HEROMOTOCO,0.22
TATAMOTORS,HEROMOTOCO,0.29
TATASTEEL,HEROMOTOCO,0.28
TCS,HEROMOTOCO,0.12
TECHM,HEROMOTOCO,0.11
TITAN,HEROMOTOCO,0.3
TRENT,HEROMOTOCO,0.21
ULTRACEMCO,HEROMOTOCO,0.27
WIPRO,HEROMOTOCO,0.2
ADANIENT,HINDALCO,0.31
ADANIPORTS,HINDALCO,0.33
APOLLOHOSP,HINDALCO,0.06
ASIANPAINT,HINDALCO,0.21
AXISBANK,HINDALCO,0.22
BAJAJ-AUTO,HINDALCO,0.22
BAJAJFINSV,HINDALCO,0.3
BAJFINANCE,HINDALCO,0.26
BEL,HINDALCO,0.37
BHARTIARTL,HINDALCO,0.29
BPCL,HINDALCO,0.35
BRITANNIA,HINDALCO,0.1
CIPLA,HINDALCO,0.09
COALINDIA,HINDALCO,0.38
DRREDDY,HINDALCO,0.2
EICHERMOT,HINDALCO,0.28
GRASIM,HINDALCO,0.43
HCLTECH,HINDALCO,0.26
HDFCBANK,HINDALCO,0.26
HDFCLIFE,HINDALCO,0.19
HEROMOTOCO,HINDALCO,0.23
HINDALCO,HINDALCO,1.0
HINDUNILVR,HINDALCO,0.07
ICICIBANK,HINDALCO,0.17
INDUSINDBK,HINDALCO,0.29
INFY,HINDALCO,0.18
ITC,HINDALCO,0.13
JSWSTEEL,HINDALCO,0.6
KOTAKBANK,HINDALCO,0.2
LT,HINDALCO,0.33
M&M,HINDALCO,0.3
MARUTI,HINDALCO,0.28
NESTLEIND,HINDALCO,0.13
NTPC,HINDALCO,0.36
ONGC,HINDALCO,0.41
POWERGRID,HINDALCO,0.37
RELIANCE,HINDALCO,0.33
SBILIFE,HINDALCO,0.17
SBIN,HINDALCO,0.33
SHRIRAMFIN,HINDALCO,0.33
SUNPHARMA,HINDALCO,0.25
TATACONSUM,HINDALCO,0.18
TATAMOTORS,HINDALCO,0.37
TATASTEEL,HINDALCO,0.63
TCS,HINDALCO,0.16
TECHM,HINDALCO,0.23
TITAN,HINDALCO,0.24
TRENT,HINDALCO,0.27
ULTRACEMCO,HINDALCO,0.31
WIPRO,HINDALCO,0.25
ADANIENT,HINDUNILVR,-0.01
ADANIPORTS,HINDUNILVR,0.0
APOLLOHOSP,HINDUNILVR,0.11
ASIANPAINT,HINDUNILVR,0.27
AXISBANK,HINDUNILVR,0.01
BAJAJ-AUTO,HINDUNILVR,0.13
BAJAJFINSV,HINDUNILVR,0.16
BAJFINANCE,HINDUNILVR,0.14
BEL,HINDUNILVR,-0.06
BHARTIARTL,HINDUNILVR,0.16
BPCL,HINDUNILVR,-0.01
BRITANNIA,HINDUNILVR,0.47
CIPLA,HINDUNILVR,0.04
COALINDIA,HINDUNILVR,-0.04
DRREDDY,HINDUNILVR,0.16
EICHERMOT,HINDUNILVR,0.11
GRASIM,HINDUNILVR,0.16
HCLTECH,HINDUNILVR,0.12
HDFCBANK,HINDUNILVR,0.07
HDFCLIFE,HINDUNILVR,0.15
HEROMOTOCO,HINDUNILVR,0.2
HINDALCO,HINDUNILVR,0.07
HINDUNILVR,HINDUNILVR,1.0
ICICIBANK,HINDUNILVR,0.0
INDUSINDBK,HINDUNILVR,0.09
INFY,HINDUNILVR,0.17
ITC,HINDUNILVR,0.32
JSWSTEEL,HINDUNILVR,0.14
KOTAKBANK,HINDUNILVR,0.18
LT,HINDUNILVR,0.02
M&M,HINDUNILVR,0.13
MARUTI,HINDUNILVR,0.15
NESTLEIND,HINDUNILVR,0.48
NTPC,HINDUNILVR,-0.05
ONGC,HINDUNILVR,-0.02
POWERGRID,HINDUNILVR,-0.09
RELIANCE,HINDUNILVR,0.09
SBILIFE,HINDUNILVR,0.28
SBIN,HINDUNILVR,-0.06
SHRIRAMFIN,HINDUNILVR,0.04
SUNPHARMA,HINDUNILVR,0.06
TATACONSUM,HINDUNILVR,0.43
TATAMOTORS,HINDUNILVR,0.08
TATASTEEL,HINDUNILVR,0.09
TCS,HINDUNILVR,0.15
TECHM,HINDUNILVR,0.14
TITAN,HINDUNILVR,0.2
TRENT,HINDUNILVR,0.08
ULTRACEMCO,HINDUNILVR,0.17
WIPRO,HINDUNILVR,0.18
ADANIENT,ICICIBANK,0.39
ADANIPORTS,ICICIBANK,0.44
APOLLOHOSP,ICICIBANK,0.15
ASIANPAINT,ICICIBANK,0.15
AXISBANK,ICICIBANK,0.65
BAJAJ-AUTO,ICICIBANK,0.11
BAJAJFINSV,ICICIBANK,0.42
BAJFINANCE,ICICIBANK,0.34
BEL,ICICIBANK,0.31
BHARTIARTL,ICICIBANK,0.35
BPCL,ICICIBANK,0.22
BRITANNIA,ICICIBANK,0.05
CIPLA,ICICIBANK,0.08
COALINDIA,ICICIBANK,0.24
DRREDDY,ICICIBANK,0.04
EICHERMOT,ICICIBANK,0.35
GRASIM,ICICIBANK,0.4
HCLTECH,ICICIBANK,0.11
HDFCBANK,ICICIBANK,0.43
HDFCLIFE,ICICIBANK,0.19
HEROMOTOCO,ICICIBANK,0.14
HINDALCO,ICICIBANK,0.17
HINDUNILVR,ICICIBANK,0.0
ICICIBANK,ICICIBANK,1.0
INDUSINDBK,ICICIBANK,0.36
INFY,ICICIBANK,0.18
ITC,ICICIBANK,0.31
JSWSTEEL,ICICIBANK,0.37
KOTAKBANK,ICICIBANK,0.44
LT,ICICIBANK,0.41
M&M,ICICIBANK,0.31
MARUTI,ICICIBANK,0.23
NESTLEIND,ICICIBANK,0.11
NTPC,ICICIBANK,0.35
ONGC,ICICIBANK,0.27
POWERGRID,ICICIBANK,0.3
RELIANCE,ICICIBANK,0.39
SBILIFE,ICICIBANK,0.21
SBIN,ICICIBANK,0.51
SHRIRAMFIN,ICICIBANK,0.45
SUNPHARMA,ICICIBANK,0.2
TATACONSUM,ICICIBANK,0.12
TATAMOTORS,ICICIBANK,0.2
TATASTEEL,ICICIBANK,0.34
TCS,ICICIBANK,0.16
TECHM,ICICIBANK,0.15
TITAN,ICICIBANK,0.14
TRENT,ICICIBANK,0.12
ULTRACEMCO,ICICIBANK,0.43
WIPRO,ICICIBANK,0.21
ADANIENT,INDUSINDBK,0.4
ADANIPORTS,INDUSINDBK,0.43
APOLLOHOSP,INDUSINDBK,0.12
ASIANPAINT,INDUSINDBK,0.18
AXISBANK,INDUSINDBK,0.35
BAJAJ-AUTO,INDUSINDBK,0.19
BAJAJFINSV,INDUSINDBK,0.42
BAJFINANCE,INDUSINDBK,0.41
BEL,INDUSINDBK,0.32
BHARTIARTL,INDUSINDBK,0.23
BPCL,INDUSINDBK,0.36
BRITANNIA,INDUSINDBK,0.12
CIPLA,INDUSINDBK,0.03
COALINDIA,INDUSINDBK,0.36
DRREDDY,INDUSINDBK,0.1
EICHERMOT,INDUSINDBK,0.27
GRASIM,INDUSINDBK,0.34
HCLTECH,INDUSINDBK,0.11
HDFCBANK,INDUSINDBK,0.38
HDFCLIFE,INDUSINDBK,0.18
HEROMOTOCO,INDUSINDBK,0.2
HINDALCO,INDUSINDBK,0.29
HINDUNILVR,INDUSINDBK,0.09
ICICIBANK,INDUSINDBK,0.36
INDUSINDBK,INDUSINDBK,1.0
INFY,INDUSINDBK,0.11
ITC,INDUSINDBK,0.18
JSWSTEEL,INDUSINDBK,0.41
KOTAKBANK,INDUSINDBK,0.33
LT,INDUSINDBK,0.42
M&M,INDUSINDBK,0.37
MARUTI,INDUSINDBK,0.3
NESTLEIND,INDUSINDBK,0.17
NTPC,INDUSINDBK,0.45
ONGC,INDUSINDBK,0.33
POWERGRID,INDUSINDBK,0.34
RELIANCE,INDUSINDBK,0.4
SBILIFE,INDUSINDBK,0.22
SBIN,INDUSINDBK,0.46
SHRIRAMFIN,INDUSINDBK,0.44
SUNPHARMA,INDUSINDBK,0.11
TATACONSUM,INDUSINDBK,0.26
TATAMOTORS,INDUSINDBK,0.33
TATASTEEL,INDUSINDBK,0.41
TCS,INDUSINDBK,0.07
TECHM,INDUSINDBK,0.1
TITAN,INDUSINDBK,0.24
TRENT,INDUSINDBK,0.19
ULTRACEMCO,INDUSINDBK,0.33
WIPRO,INDUSINDBK,0.2
ADANIENT,INFY,0.09
ADANIPORTS,INFY,0.14
APOLLOHOSP,INFY,0.1
ASIANPAINT,INFY,0.09
AXISBANK,INFY,0.06
BAJAJ-AUTO,INFY,-0.02
BAJAJFINSV,INFY,0.24
BAJFINANCE,INFY,0.19
BEL,INFY,0.15
BHARTIARTL,INFY,0.27
BPCL,INFY,0.13
BRITANNIA,INFY,0.1
CIPLA,INFY,0.05
COALINDIA,INFY,0.11
DRREDDY,INFY,0.24
EICHERMOT,INFY,0.11
GRASIM,INFY,0.17
HCLTECH,INFY,0.71
HDFCBANK,INFY,0.1
HDFCLIFE,INFY,0.06
HEROMOTOCO,INFY,0.1
HINDALCO,INFY,0.18
HINDUNILVR,INFY,0.17
ICICIBANK,INFY,0.18
INDUSINDBK,INFY,0.11
INFY,INFY,1.0
ITC,INFY,0.2
JSWSTEEL,INFY,0.21
KOTAKBANK,INFY,0.16
LT,INFY,0.22
M&M,INFY,0.23
MARUTI,INFY,0.12
NESTLEIND,INFY,0.07
NTPC,INFY,0.11
ONGC,INFY,0.23
POWERGRID,INFY,0.09
RELIANCE,INFY,0.19
SBILIFE,INFY,0.16
SBIN,INFY,0.17
SHRIRAMFIN,INFY,0.15
SUNPHARMA,INFY,0.15
TATACONSUM,INFY,0.26
TATAMOTORS,INFY,0.19
TATASTEEL,INFY,0.18
TCS,INFY,0.72
TECHM,INFY,0.65
TITAN,INFY,0.21
TRENT,INFY,0.15
ULTRACEMCO,INFY,0.23
WIPRO,INFY,0.57
ADANIENT,ITC,0.25
ADANIPORTS,ITC,0.27
APOLLOHOSP,ITC,0.17
ASIANPAINT,ITC,0.29
AXISBANK,ITC,0.26
BAJAJ-AUTO,ITC,0.14
BAJAJFINSV,ITC,0.3
BAJFINANCE,ITC,0.3
BEL,ITC,0.22
BHARTIARTL,ITC,0.26
BPCL,ITC,0.17
BRITANNIA,ITC,0.38
CIPLA,ITC,0.12
COALINDIA,ITC,0.24
DRREDDY,ITC,0.18
EICHERMOT,ITC,0.26
GRASIM,ITC,0.27
HCLTECH,ITC,0.18
HDFCBANK,ITC,0.17
HDFCLIFE,ITC,0.19
HEROMOTOCO,ITC,0.09
HINDALCO,ITC,0.13
HINDUNILVR,ITC,0.32
ICICIBANK,ITC,0.31
INDUSINDBK,ITC,0.18
INFY,ITC,0.2
ITC,ITC,1.0
JSWSTEEL,ITC,0.3
KOTAKBANK,ITC,0.25
LT,ITC,0.25
M&M,ITC,0.19
MARUTI,ITC,0.24
NESTLEIND,ITC,0.38
NTPC,ITC,0.23
ONGC,ITC,0.2
POWERGRID,ITC,0.12
RELIANCE,ITC,0.3
SBILIFE,ITC,0.21
SBIN,ITC,0.26
SHRIRAMFIN,ITC,0.23
SUNPHARMA,ITC,0.19
TATACONSUM,ITC,0.31
TATAMOTORS,ITC,0.19
TATASTEEL,ITC,0.24
TCS,ITC,0.17
TECHM,ITC,0.22
TITAN,ITC,0.32
TRENT,ITC,0.15
ULTRACEMCO,ITC,0.26
WIPRO,ITC,0.23
ADANIENT,JSWSTEEL,0.4
ADANIPORTS,JSWSTEEL,0.43
APOLLOHOSP,JSWSTEEL,0.27
ASIANPAINT,JSWSTEEL,0.32
AXISBANK,JSWSTEEL,0.36
BAJAJ-AUTO,JSWSTEEL,0.22
BAJAJFINSV,JSWSTEEL,0.44
BAJFINANCE,JSWSTEEL,0.38
BEL,JSWSTEEL,0.45
BHARTIARTL,JSWSTEEL,0.36
BPCL,JSWSTEEL,0.37
BRITANNIA,JSWSTEEL,0.19
CIPLA,JSWSTEEL,0.16
COALINDIA,JSWSTEEL,0.43
DRREDDY,JSWSTEEL,0.24
EICHERMOT,JSWSTEEL,0.33
GRASIM,JSWSTEEL,0.5
HCLTECH,JSWSTEEL,0.25
HDFCBANK,JSWSTEEL,0.37
HDFCLIFE,JSWSTEEL,0.24
HEROMOTOCO,JSWSTEEL,0.2
HINDALCO,JSWSTEEL,0.6
HINDUNILVR,JSWSTEEL,0.14
ICICIBANK,JSWSTEEL,0.37
INDUSINDBK,JSWSTEEL,0.41
INFY,JSWSTEEL,0.21
ITC,JSWSTEEL,0.3
JSWSTEEL,JSWSTEEL,1.0
KOTAKBANK,JSWSTEEL,0.29
LT,JSWSTEEL,0.49
M&M,JSWSTEEL,0.41
MARUTI,JSWSTEEL,0.36
NESTLEIND,JSWSTEEL,0.17
NTPC,JSWSTEEL,0.51
ONGC,JSWSTEEL,0.44
POWERGRID,JSWSTEEL,0.45
RELIANCE,JSWSTEEL,0.42
SBILIFE,JSWSTEEL,0.22
SBIN,JSWSTEEL,0.44
SHRIRAMFIN,JSWSTEEL,0.43
SUNPHARMA,JSWSTEEL,0.25
TATACONSUM,JSWSTEEL,0.23
TATAMOTORS,JSWSTEEL,0.41
TATASTEEL,JSWSTEEL,0.79
TCS,JSWSTEEL,0.21
TECHM,JSWSTEEL,0.26
TITAN,JSWSTEEL,0.3
TRENT,JSWSTEEL,0.26
ULTRACEMCO,JSWSTEEL,0.55
WIPRO,JSWSTEEL,0.35
ADANIENT,KOTAKBANK,0.23
ADANIPORTS,KOTAKBANK,0.29
APOLLOHOSP,KOTAKBANK,0.13
ASIANPAINT,KOTAKBANK,0.16
AXISBANK,KOTAKBANK,0.3
BAJAJ-AUTO,KOTAKBANK,0.08
BAJAJFINSV,KOTAKBANK,0.26
BAJFINANCE,KOTAKBANK,0.31
BEL,KOTAKBANK,0.26
BHARTIARTL,KOTAKBANK,0.3
BPCL,KOTAKBANK,0.15
BRITANNIA,KOTAKBANK,0.23
CIPLA,KOTAKBANK,0.03
COALINDIA,KOTAKBANK,0.22
DRREDDY,KOTAKBANK,-0.05
EICHERMOT,KOTAKBANK,0.24
GRASIM,KOTAKBANK,0.23
HCLTECH,KOTAKBANK,0.12
HDFCBANK,KOTAKBANK,0.41
HDFCLIFE,KOTAKBANK,0.19
HEROMOTOCO,KOTAKBANK,0.14
HINDALCO,KOTAKBANK,0.2
HINDUNILVR,KOTAKBANK,0.18
ICICIBANK,KOTAKBANK,0.44
INDUSINDBK,KOTAKBANK,0.33
INFY,KOTAKBANK,0.16
ITC,KOTAKBANK,0.25
JSWSTEEL,KOTAKBANK,0.29
KOTAKBANK,KOTAKBANK,1.0
LT,KOTAKBANK,0.27
M&M,KOTAKBANK,0.23
MARUTI,KOTAKBANK,0.21
NESTLEIND,KOTAKBANK,0.11
NTPC,KOTAKBANK,0.23
ONGC,KOTAKBANK,0.24
POWERGRID,KOTAKBANK,0.19
RELIANCE,KOTAKBANK,0.34
SBILIFE,KOTAKBANK,0.27
SBIN,KOTAKBANK,0.28
SHRIRAMFIN,KOTAKBANK,0.28
SUNPHARMA,KOTAKBANK,0.09
TATACONSUM,KOTAKBANK,0.19
TATAMOTORS,KOTAKBANK,0.16
TATASTEEL,KOTAKBANK,0.26
TCS,KOTAKBANK,0.1
TECHM,KOTAKBANK,0.15
TITAN,KOTAKBANK,0.15
TRENT,KOTAKBANK,0.08
ULTRACEMCO,KOTAKBANK,0.33
WIPRO,KOTAKBANK,0.23
ADANIENT,LT,0.48
ADANIPORTS,LT,0.52
APOLLOHOSP,LT,0.22
ASIANPAINT,LT,0.21
AXISBANK,LT,0.35
BAJAJ-AUTO,LT,0.16
BAJAJFINSV,LT,0.41
BAJFINANCE,LT,0.38
BEL,LT,0.59
BHARTIARTL,LT,0.32
BPCL,LT,0.47
BRITANNIA,LT,0.09
CIPLA,LT,0.15
COALINDIA,LT,0.49
DRREDDY,LT,0.12
EICHERMOT,LT,0.33
GRASIM,LT,0.34
HCLTECH,LT,0.22
HDFCBANK,LT,0.34
HDFCLIFE,LT,0.25
HEROMOTOCO,LT,0.19
HINDALCO,LT,0.33
HINDUNILVR,LT,0.02
ICICIBANK,LT,0.41
INDUSINDBK,LT,0.42
INFY,LT,0.22
ITC,LT,0.25
JSWSTEEL,LT,0.49
KOTAKBANK,LT,0.27
LT,LT,1.0
M&M,LT,0.36
MARUTI,LT,0.33
NESTLEIND,LT,0.09
NTPC,LT,0.54
ONGC,LT,0.54
POWERGRID,LT,0.45
RELIANCE,LT,0.54
SBILIFE,LT,0.33
SBIN,LT,0.49
SHRIRAMFIN,LT,0.47
SUNPHARMA,LT,0.17
TATACONSUM,LT,0.17
TATAMOTORS,LT,0.35
TATASTEEL,LT,0.48
TCS,LT,0.21
TECHM,LT,0.2
TITAN,LT,0.22
TRENT,LT,0.17
ULTRACEMCO,LT,0.47
WIPRO,LT,0.32
ADANIENT,M&M,0.31
ADANIPORTS,M&M,0.32
APOLLOHOSP,M&M,0.24
ASIANPAINT,M&M,0.12
AXISBANK,M&M,0.24
BAJAJ-AUTO,M&M,0.27
BAJAJFINSV,M&M,0.33
BAJFINANCE,M&M,0.25
BEL,M&M,0.37
BHARTIARTL,M&M,0.28
BPCL,M&M,0.28
BRITANNIA,M&M,0.12
CIPLA,M&M,0.18
COALINDIA,M&M,0.29
DRREDDY,M&M,0.23
EICHERMOT,M&M,0.35
GRASIM,M&M,0.3
HCLTECH,M&M,0.21
HDFCBANK,M&M,0.32
HDFCLIFE,M&M,0.2
HEROMOTOCO,M&M,0.36
HINDALCO,M&M,0.3
HINDUNILVR,M&M,0.13
ICICIBANK,M&M,0.31
INDUSINDBK,M&M,0.37
INFY,M&M,0.23
ITC,M&M,0.19
JSWSTEEL,M&M,0.41
KOTAKBANK,M&M,0.23
LT,M&M,0.36
M&M,M&M,1.0
MARUTI,M&M,0.39
NESTLEIND,M&M,0.21
NTPC,M&M,0.33
ONGC,M&M,0.28
POWERGRID,M&M,0.3
RELIANCE,M&M,0.3
SBILIFE,M&M,0.21
SBIN,M&M,0.31
SHRIRAMFIN,M&M,0.37
SUNPHARMA,M&M,0.28
TATACONSUM,M&M,0.17
TATAMOTORS,M&M,0.41
TATASTEEL,M&M,0.42
TCS,M&M,0.18
TECHM,M&M,0.21
TITAN,M&M,0.28
TRENT,M&M,0.26
ULTRACEMCO,M&M,0.43
WIPRO,M&M,0.3
ADANIENT,MARUTI,0.32
ADANIPORTS,MARUTI,0.3
APOLLOHOSP,MARUTI,0.19
ASIANPAINT,MARUTI,0.25
AXISBANK,MARUTI,0.25
BAJAJ-AUTO,MARUTI,0.34
BAJAJFINSV,MARUTI,0.32
BAJFINANCE,MARUTI,0.27
BEL,MARUTI,0.22
BHARTIARTL,MARUTI,0.35
BPCL,MARUTI,0.3
BRITANNIA,MARUTI,0.17
CIPLA,MARUTI,0.07
COALINDIA,MARUTI,0.26
DRREDDY,MARUTI,0.14
EICHERMOT,MARUTI,0.39
GRASIM,MARUTI,0.29
HCLTECH,MARUTI,0.21
HDFCBANK,MARUTI,0.24
HDFCLIFE,MARUTI,0.24
HEROMOTOCO,MARUTI,0.29
HINDALCO,MARUTI,0.28
HINDUNILVR,MARUTI,0.15
ICICIBANK,MARUTI,0.23
INDUSINDBK,MARUTI,0.3
INFY,MARUTI,0.12
ITC,MARUTI,0.24
JSWSTEEL,MARUTI,0.36
KOTAKBANK,MARUTI,0.21
LT,MARUTI,0.33
M&M,MARUTI,0.39
MARUTI,MARUTI,1.0
NESTLEIND,MARUTI,0.25
NTPC,MARUTI,0.28
ONGC,MARUTI,0.29
POWERGRID,MARUTI,0.28
RELIANCE,MARUTI,0.36
SBILIFE,MARUTI,0.29
SBIN,MARUTI,0.28
SHRIRAMFIN,MARUTI,0.28
SUNPHARMA,MARUTI,0.19
TATACONSUM,MARUTI,0.19
TATAMOTORS,MARUTI,0.39
TATASTEEL,MARUTI,0.38
TCS,MARUTI,0.16
TECHM,MARUTI,0.14
TITAN,MARUTI,0.32
TRENT,MARUTI,0.18
ULTRACEMCO,MARUTI,0.35
WIPRO,MARUTI,0.2
ADANIENT,NESTLEIND,0.1
ADANIPORTS,NESTLEIND,0.09
APOLLOHOSP,NESTLEIND,0.22
ASIANPAINT,NESTLEIND,0.27
AXISBANK,NESTLEIND,0.15
BAJAJ-AUTO,NESTLEIND,0.16
BAJAJFINSV,NESTLEIND,0.28
BAJFINANCE,NESTLEIND,0.25
BEL,NESTLEIND,0.06
BHARTIARTL,NESTLEIND,0.1
BPCL,NESTLEIND,0.06
BRITANNIA,NESTLEIND,0.48
CIPLA,NESTLEIND,0.11
COALINDIA,NESTLEIND,0.08
DRREDDY,NESTLEIND,0.25
EICHERMOT,NESTLEIND,0.12
GRASIM,NESTLEIND,0.27
HCLTECH,NESTLEIND,0.09
HDFCBANK,NESTLEIND,0.06
HDFCLIFE,NESTLEIND,0.14
HEROMOTOCO,NESTLEIND,0.24
HINDALCO,NESTLEIND,0.13
HINDUNILVR,NESTLEIND,0.48
ICICIBANK,NESTLEIND,0.11
INDUSINDBK,NESTLEIND,0.17
INFY,NESTLEIND,0.07
ITC,NESTLEIND,0.38
JSWSTEEL,NESTLEIND,0.17
KOTAKBANK,NESTLEIND,0.11
LT,NESTLEIND,0.09
M&M,NESTLEIND,0.21
MARUTI,NESTLEIND,0.25
NESTLEIND,NESTLEIND,1.0
NTPC,NESTLEIND,0.08
ONGC,NESTLEIND,0.03
POWERGRID,NESTLEIND,0.09
RELIANCE,NESTLEIND,0.18
SBILIFE,NESTLEIND,0.19
SBIN,NESTLEIND,0.04
SHRIRAMFIN,NESTLEIND,0.13
SUNPHARMA,NESTLEIND,0.16
TATACONSUM,NESTLEIND,0.38
TATAMOTORS,NESTLEIND,0.14
TATASTEEL,NESTLEIND,0.13
TCS,NESTLEIND,0.1
TECHM,NESTLEIND,0.05
TITAN,NESTLEIND,0.24
TRENT,NESTLEIND,0.15
ULTRACEMCO,NESTLEIND,0.28
WIPRO,NESTLEIND,0.17
ADANIENT,NTPC,0.55
ADANIPORTS,NTPC,0.61
APOLLOHOSP,NTPC,0.18
ASIANPAINT,NTPC,0.22
AXISBANK,NTPC,0.38
BAJAJ-AUTO,NTPC,0.2
BAJAJFINSV,NTPC,0.4
BAJFINANCE,NTPC,0.32
BEL,NTPC,0.61
BHARTIARTL,NTPC,0.37
BPCL,NTPC,0.61
BRITANNIA,NTPC,0.08
CIPLA,NTPC,0.09
COALINDIA,NTPC,0.62
DRREDDY,NTPC,0.21
EICHERMOT,NTPC,0.27
GRASIM,NTPC,0.39
HCLTECH,NTPC,0.15
HDFCBANK,NTPC,0.34
HDFCLIFE,NTPC,0.19
HEROMOTOCO,NTPC,0.14
HINDALCO,NTPC,0.36
HINDUNILVR,NTPC,-0.05
ICICIBANK,NTPC,0.35
INDUSINDBK,NTPC,0.45
INFY,NTPC,0.11
ITC,NTPC,0.23
JSWSTEEL,NTPC,0.51
KOTAKBANK,NTPC,0.23
LT,NTPC,0.54
M&M,NTPC,0.33
MARUTI,NTPC,0.28
NESTLEIND,NTPC,0.08
NTPC,NTPC,1.0
ONGC,NTPC,0.64
POWERGRID,NTPC,0.71
RELIANCE,NTPC,0.55
SBILIFE,NTPC,0.22
SBIN,NTPC,0.59
SHRIRAMFIN,NTPC,0.47
SUNPHARMA,NTPC,0.23
TATACONSUM,NTPC,0.18
TATAMOTORS,NTPC,0.41
TATASTEEL,NTPC,0.54
TCS,NTPC,0.11
TECHM,NTPC,0.18
TITAN,NTPC,0.33
TRENT,NTPC,0.23
ULTRACEMCO,NTPC,0.46
WIPRO,NTPC,0.19
ADANIENT,ONGC,0.49
ADANIPORTS,ONGC,0.53
APOLLOHOSP,ONGC,0.17
ASIANPAINT,ONGC,0.13
AXISBANK,ONGC,0.32
BAJAJ-AUTO,ONGC,0.19
BAJAJFINSV,ONGC,0.32
BAJFINANCE,ONGC,0.32
BEL,ONGC,0.58
BHARTIARTL,ONGC,0.34
BPCL,ONGC,0.6
BRITANNIA,ONGC,0.04
CIPLA,ONGC,0.02
COALINDIA,ONGC,0.65
DRREDDY,ONGC,0.18
EICHERMOT,ONGC,0.24
GRASIM,ONGC,0.33
HCLTECH,ONGC,0.22
HDFCBANK,ONGC,0.28
HDFCLIFE,ONGC,0.2
HEROMOTOCO,ONGC,0.2
HINDALCO,ONGC,0.41
HINDUNILVR,ONGC,-0.02
ICICIBANK,ONGC,0.27
INDUSINDBK,ONGC,0.33
INFY,ONGC,0.23
ITC,ONGC,0.2
JSWSTEEL,ONGC,0.44
KOTAKBANK,ONGC,0.24
LT,ONGC,0.54
M&M,ONGC,0.28
MARUTI,ONGC,0.29
NESTLEIND,ONGC,0.03
NTPC,ONGC,0.64
ONGC,ONGC,1.0
POWERGRID,ONGC,0.51
RELIANCE,ONGC,0.55
SBILIFE,ONGC,0.27
SBIN,ONGC,0.57
SHRIRAMFIN,ONGC,0.45
SUNPHARMA,ONGC,0.22
TATACONSUM,ONGC,0.17
TATAMOTORS,ONGC,0.44
TATASTEEL,ONGC,0.5
TCS,ONGC,0.17
TECHM,ONGC,0.23
TITAN,ONGC,0.2
TRENT,ONGC,0.21
ULTRACEMCO,ONGC,0.41
WIPRO,ONGC,0.29
ADANIENT,POWERGRID,0.4
ADANIPORTS,POWERGRID,0.51
APOLLOHOSP,POWERGRID,0.18
ASIANPAINT,POWERGRID,0.11
AXISBANK,POWERGRID,0.3
BAJAJ-AUTO,POWERGRID,0.17
BAJAJFINSV,POWERGRID,0.32
BAJFINANCE,POWERGRID,0.25
BEL,POWERGRID,0.54
BHARTIARTL,POWERGRID,0.31
BPCL,POWERGRID,0.54
BRITANNIA,POWERGRID,-0.03
CIPLA,POWERGRID,0.12
COALINDIA,POWERGRID,0.53
DRREDDY,POWERGRID,0.19
EICHERMOT,POWERGRID,0.21
GRASIM,POWERGRID,0.36
HCLTECH,POWERGRID,0.11
HDFCBANK,POWERGRID,0.32
HDFCLIFE,POWERGRID,0.1
HEROMOTOCO,POWERGRID,0.13
HINDALCO,POWERGRID,0.37
HINDUNILVR,POWERGRID,-0.09
ICICIBANK,POWERGRID,0.3
INDUSINDBK,POWERGRID,0.34
INFY,POWERGRID,0.09
ITC,POWERGRID,0.12
JSWSTEEL,POWERGRID,0.45
KOTAKBANK,POWERGRID,0.19
LT,POWERGRID,0.45
M&M,POWERGRID,0.3
MARUTI,POWERGRID,0.28
NESTLEIND,POWERGRID,0.09
NTPC,POWERGRID,0.71
ONGC,POWERGRID,0.51
POWERGRID,POWERGRID,1.0
RELIANCE,POWERGRID,0.48
SBILIFE,POWERGRID,0.15
SBIN,POWERGRID,0.5
SHRIRAMFIN,POWERGRID,0.36
SUNPHARMA,POWERGRID,0.25
TATACONSUM,POWERGRID,0.15
TATAMOTORS,POWERGRID,0.36
TATASTEEL,POWERGRID,0.5
TCS,POWERGRID,0.1
TECHM,POWERGRID,0.15
TITAN,POWERGRID,0.21
TRENT,POWERGRID,0.2
ULTRACEMCO,POWERGRID,0.4
WIPRO,POWERGRID,0.16
ADANIENT,RELIANCE,0.49
ADANIPORTS,RELIANCE,0.52
APOLLOHOSP,RELIANCE,0.23
ASIANPAINT,RELIANCE,0.29
AXISBANK,RELIANCE,0.43
BAJAJ-AUTO,RELIANCE,0.26
BAJAJFINSV,RELIANCE,0.42
BAJFINANCE,RELIANCE,0.41
BEL,RELIANCE,0.5
BHARTIARTL,RELIANCE,0.35
BPCL,RELIANCE,0.48
BRITANNIA,RELIANCE,0.14
CIPLA,RELIANCE,0.05
COALINDIA,RELIANCE,0.51
DRREDDY,RELIANCE,0.17
EICHERMOT,RELIANCE,0.33
GRASIM,RELIANCE,0.39
HCLTECH,RELIANCE,0.28
HDFCBANK,RELIANCE,0.3
HDFCLIFE,RELIANCE,0.21
HEROMOTOCO,RELIANCE,0.24
HINDALCO,RELIANCE,0.33
HINDUNILVR,RELIANCE,0.09
ICICIBANK,RELIANCE,0.39
INDUSINDBK,RELIANCE,0.4
INFY,RELIANCE,0.19
ITC,RELIANCE,0.3
JSWSTEEL,RELIANCE,0.42
KOTAKBANK,RELIANCE,0.34
LT,RELIANCE,0.54
M&M,RELIANCE,0.3
MARUTI,RELIANCE,0.36
NESTLEIND,RELIANCE,0.18
NTPC,RELIANCE,0.55
ONGC,RELIANCE,0.55
POWERGRID,RELIANCE,0.48
RELIANCE,RELIANCE,1.0
SBILIFE,RELIANCE,0.28
SBIN,RELIANCE,0.55
SHRIRAMFIN,RELIANCE,0.46
SUNPHARMA,RELIANCE,0.28
TATACONSUM,RELIANCE,0.2
TATAMOTORS,RELIANCE,0.4
TATASTEEL,RELIANCE,0.45
TCS,RELIANCE,0.24
TECHM,RELIANCE,0.26
TITAN,RELIANCE,0.33
TRENT,RELIANCE,0.28
ULTRACEMCO,RELIANCE,0.49
WIPRO,RELIANCE,0.35
ADANIENT,SBILIFE,0.29
ADANIPORTS,SBILIFE,0.28
APOLLOHOSP,SBILIFE,0.16
ASIANPAINT,SBILIFE,0.21
AXISBANK,SBILIFE,0.18
BAJAJ-AUTO,SBILIFE,0.2
BAJAJFINSV,SBILIFE,0.42
BAJFINANCE,SBILIFE,0.34
BEL,SBILIFE,0.2
BHARTIARTL,SBILIFE,0.24
BPCL,SBILIFE,0.24
BRITANNIA,SBILIFE,0.09
CIPLA,SBILIFE,0.12
COALINDIA,SBILIFE,0.24
DRREDDY,SBILIFE,0.2
EICHERMOT,SBILIFE,0.33
GRASIM,SBILIFE,0.24
HCLTECH,SBILIFE,0.2
HDFCBANK,SBILIFE,0.21
HDFCLIFE,SBILIFE,0.59
HEROMOTOCO,SBILIFE,0.21
HINDALCO,SBILIFE,0.17
HINDUNILVR,SBILIFE,0.28
ICICIBANK,SBILIFE,0.21
INDUSINDBK,SBILIFE,0.22
INFY,SBILIFE,0.16
ITC,SBILIFE,0.21
JSWSTEEL,SBILIFE,0.22
KOTAKBANK,SBILIFE,0.27
LT,SBILIFE,0.33
M&M,SBILIFE,0.21
MARUTI,SBILIFE,0.29
NESTLEIND,SBILIFE,0.19
NTPC,SBILIFE,0.22
ONGC,SBILIFE,0.27
POWERGRID,SBILIFE,0.15
RELIANCE,SBILIFE,0.28
SBILIFE,SBILIFE,1.0
SBIN,SBILIFE,0.27
SHRIRAMFIN,SBILIFE,0.35
SUNPHARMA,SBILIFE,0.15
TATACONSUM,SBILIFE,0.21
TATAMOTORS,SBILIFE,0.23
TATASTEEL,SBILIFE,0.23
TCS,SBILIFE,0.17
TECHM,SBILIFE,0.14
TITAN,SBILIFE,0.2
TRENT,SBILIFE,0.18
ULTRACEMCO,SBILIFE,0.26
WIPRO,SBILIFE,0.25
ADANIENT,SBIN,0.55
ADANIPORTS,SBIN,0.58
APOLLOHOSP,SBIN,0.17
ASIANPAINT,SBIN,0.1
AXISBANK,SBIN,0.51
BAJAJ-AUTO,SBIN,0.14
BAJAJFINSV,SBIN,0.42
BAJFINANCE,SBIN,0.39
BEL,SBIN,0.58
BHARTIARTL,SBIN,0.29
BPCL,SBIN,0.53
BRITANNIA,SBIN,-0.0
CIPLA,SBIN,0.02
COALINDIA,SBIN,0.51
DRREDDY,SBIN,0.14
EICHERMOT,SBIN,0.31
GRASIM,SBIN,0.43
HCLTECH,SBIN,0.21
HDFCBANK,SBIN,0.36
HDFCLIFE,SBIN,0.21
HEROMOTOCO,SBIN,0.13
HINDALCO,SBIN,0.33
HINDUNILVR,SBIN,-0.06
ICICIBANK,SBIN,0.51
INDUSINDBK,SBIN,0.46
INFY,SBIN,0.17
ITC,SBIN,0.26
JSWSTEEL,SBIN,0.44
KOTAKBANK,SBIN,0.28
LT,SBIN,0.49
M&M,SBIN,0.31
MARUTI,SBIN,0.28
NESTLEIND,SBIN,0.04
NTPC,SBIN,0.59
ONGC,SBIN,0.57
POWERGRID,SBIN,0.5
RELIANCE,SBIN,0.55
SBILIFE,SBIN,0.27
SBIN,SBIN,1.0
SHRIRAMFIN,SBIN,0.51
SUNPHARMA,SBIN,0.11
TATACONSUM,SBIN,0.11
TATAMOTORS,SBIN,0.37
TATASTEEL,SBIN,0.48
TCS,SBIN,0.16
TECHM,SBIN,0.18
TITAN,SBIN,0.21
TRENT,SBIN,0.27
ULTRACEMCO,SBIN,0.43
WIPRO,SBIN,0.23
ADANIENT,SHRIRAMFIN,0.42
ADANIPORTS,SHRIRAMFIN,0.47
APOLLOHOSP,SHRIRAMFIN,0.27
ASIANPAINT,SHRIRAMFIN,0.21
AXISBANK,SHRIRAMFIN,0.43
BAJAJ-AUTO,SHRIRAMFIN,0.29
BAJAJFINSV,SHRIRAMFIN,0.49
BAJFINANCE,SHRIRAMFIN,0.46
BEL,SHRIRAMFIN,0.47
BHARTIARTL,SHRIRAMFIN,0.35
BPCL,SHRIRAMFIN,0.41
BRITANNIA,SHRIRAMFIN,0.12
CIPLA,SHRIRAMFIN,0.08
COALINDIA,SHRIRAMFIN,0.43
DRREDDY,SHRIRAMFIN,0.15
EICHERMOT,SHRIRAMFIN,0.36
GRASIM,SHRIRAMFIN,0.36
HCLTECH,SHRIRAMFIN,0.22
HDFCBANK,SHRIRAMFIN,0.35
HDFCLIFE,SHRIRAMFIN,0.3
HEROMOTOCO,SHRIRAMFIN,0.26
HINDALCO,SHRIRAMFIN,0.33
HINDUNILVR,SHRIRAMFIN,0.04
ICICIBANK,SHRIRAMFIN,0.45
INDUSINDBK,SHRIRAMFIN,0.44
INFY,SHRIRAMFIN,0.15
ITC,SHRIRAMFIN,0.23
JSWSTEEL,SHRIRAMFIN,0.43
KOTAKBANK,SHRIRAMFIN,0.28
LT,SHRIRAMFIN,0.47
M&M,SHRIRAMFIN,0.37
MARUTI,SHRIRAMFIN,0.28
NESTLEIND,SHRIRAMFIN,0.13
NTPC,SHRIRAMFIN,0.47
ONGC,SHRIRAMFIN,0.45
POWERGRID,SHRIRAMFIN,0.36
RELIANCE,SHRIRAMFIN,0.46
SBILIFE,SHRIRAMFIN,0.35
SBIN,SHRIRAMFIN,0.51
SHRIRAMFIN,SHRIRAMFIN,1.0
SUNPHARMA,SHRIRAMFIN,0.2
TATACONSUM,SHRIRAMFIN,0.18
TATAMOTORS,SHRIRAMFIN,0.35
TATASTEEL,SHRIRAMFIN,0.45
TCS,SHRIRAMFIN,0.12
TECHM,SHRIRAMFIN,0.22
TITAN,SHRIRAMFIN,0.25
TRENT,SHRIRAMFIN,0.22
ULTRACEMCO,SHRIRAMFIN,0.49
WIPRO,SHRIRAMFIN,0.3
ADANIENT,SUNPHARMA,0.18
ADANIPORTS,SUNPHARMA,0.22
APOLLOHOSP,SUNPHARMA,0.29
ASIANPAINT,SUNPHARMA,0.22
AXISBANK,SUNPHARMA,0.15
BAJAJ-AUTO,SUNPHARMA,0.16
BAJAJFINSV,SUNPHARMA,0.21
BAJFINANCE,SUNPHARMA,0.13
BEL,SUNPHARMA,0.17
BHARTIARTL,SUNPHARMA,0.26
BPCL,SUNPHARMA,0.21
BRITANNIA,SUNPHARMA,0.19
CIPLA,SUNPHARMA,0.42
COALINDIA,SUNPHARMA,0.18
DRREDDY,SUNPHARMA,0.41
EICHERMOT,SUNPHARMA,0.17
GRASIM,SUNPHARMA,0.22
HCLTECH,SUNPHARMA,0.16
HDFCBANK,SUNPHARMA,0.07
HDFCLIFE,SUNPHARMA,0.16
HEROMOTOCO,SUNPHARMA,0.23
HINDALCO,SUNPHARMA,0.25
HINDUNILVR,SUNPHARMA,0.06
ICICIBANK,SUNPHARMA,0.2
INDUSINDBK,SUNPHARMA,0.11
INFY,SUNPHARMA,0.15
ITC,SUNPHARMA,0.19
JSWSTEEL,SUNPHARMA,0.25
KOTAKBANK,SUNPHARMA,0.09
LT,SUNPHARMA,0.17
M&M,SUNPHARMA,0.28
MARUTI,SUNPHARMA,0.19
NESTLEIND,SUNPHARMA,0.16
NTPC,SUNPHARMA,0.23
ONGC,SUNPHARMA,0.22
POWERGRID,SUNPHARMA,0.25
RELIANCE,SUNPHARMA,0.28
SBILIFE,SUNPHARMA,0.15
SBIN,SUNPHARMA,0.11
SHRIRAMFIN,SUNPHARMA,0.2
SUNPHARMA,SUNPHARMA,1.0
TATACONSUM,SUNPHARMA,0.16
TATAMOTORS,SUNPHARMA,0.29
TATASTEEL,SUNPHARMA,0.26
TCS,SUNPHARMA,0.14
TECHM,SUNPHARMA,0.16
TITAN,SUNPHARMA,0.22
TRENT,SUNPHARMA,0.26
ULTRACEMCO,SUNPHARMA,0.24
WIPRO,SUNPHARMA,0.19
ADANIENT,TATACONSUM,0.21
ADANIPORTS,TATACONSUM,0.22
APOLLOHOSP,TATACONSUM,0.09
ASIANPAINT,TATACONSUM,0.25
AXISBANK,TATACONSUM,0.14
BAJAJ-AUTO,TATACONSUM,0.19
BAJAJFINSV,TATACONSUM,0.29
BAJFINANCE,TATACONSUM,0.22
BEL,TATACONSUM,0.17
BHARTIARTL,TATACONSUM,0.25
BPCL,TATACONSUM,0.16
BRITANNIA,TATACONSUM,0.41
CIPLA,TATACONSUM,0.07
COALINDIA,TATACONSUM,0.21
DRREDDY,TATACONSUM,0.12
EICHERMOT,TATACONSUM,0.18
GRASIM,TATACONSUM,0.28
HCLTECH,TATACONSUM,0.2
HDFCBANK,TATACONSUM,0.11
HDFCLIFE,TATACONSUM,0.21
HEROMOTOCO,TATACONSUM,0.22
HINDALCO,TATACONSUM,0.18
HINDUNILVR,TATACONSUM,0.43
ICICIBANK,TATACONSUM,0.12
INDUSINDBK,TATACONSUM,0.26
INFY,TATACONSUM,0.26
ITC,TATACONSUM,0.31
JSWSTEEL,TATACONSUM,0.23
KOTAKBANK,TATACONSUM,0.19
LT,TATACONSUM,0.17
M&M,TATACONSUM,0.17
MARUTI,TATACONSUM,0.19
NESTLEIND,TATACONSUM,0.38
NTPC,TATACONSUM,0.18
ONGC,TATACONSUM,0.17
POWERGRID,TATACONSUM,0.15
RELIANCE,TATACONSUM,0.2
SBILIFE,TATACONSUM,0.21
SBIN,TATACONSUM,0.11
SHRIRAMFIN,TATACONSUM,0.18
SUNPHARMA,TATACONSUM,0.16
TATACONSUM,TATACONSUM,1.0
TATAMOTORS,TATACONSUM,0.17
TATASTEEL,TATACONSUM,0.23
TCS,TATACONSUM,0.27
TECHM,TATACONSUM,0.21
TITAN,TATACONSUM,0.31
TRENT,TATACONSUM,0.18
ULTRACEMCO,TATACONSUM,0.25
WIPRO,TATACONSUM,0.25
ADANIENT,TATAMOTORS,0.33
ADANIPORTS,TATAMOTORS,0.34
APOLLOHOSP,TATAMOTORS,0.2
ASIANPAINT,TATAMOTORS,0.1
AXISBANK,TATAMOTORS,0.24
BAJAJ-AUTO,TATAMOTORS,0.3
BAJAJFINSV,TATAMOTORS,0.28
BAJFINANCE,TATAMOTORS,0.21
BEL,TATAMOTORS,0.37
BHARTIARTL,TATAMOTORS,0.26
BPCL,TATAMOTORS,0.44
BRITANNIA,TATAMOTORS,0.1
CIPLA,TATAMOTORS,0.05
COALINDIA,TATAMOTORS,0.41
DRREDDY,TATAMOTORS,0.21
EICHERMOT,TATAMOTORS,0.32
GRASIM,TATAMOTORS,0.34
HCLTECH,TATAMOTORS,0.25
HDFCBANK,TATAMOTORS,0.22
HDFCLIFE,TATAMOTORS,0.21
HEROMOTOCO,TATAMOTORS,0.29
HINDALCO,TATAMOTORS,0.37
HINDUNILVR,TATAMOTORS,0.08
ICICIBANK,TATAMOTORS,0.2
INDUSINDBK,TATAMOTORS,0.33
INFY,TATAMOTORS,0.19
ITC,TATAMOTORS,0.19
JSWSTEEL,TATAMOTORS,0.41
KOTAKBANK,TATAMOTORS,0.16
LT,TATAMOTORS,0.35
M&M,TATAMOTORS,0.41
MARUTI,TATAMOTORS,0.39
NESTLEIND,TATAMOTORS,0.14
NTPC,TATAMOTORS,0.41
ONGC,TATAMOTORS,0.44
POWERGRID,TATAMOTORS,0.36
RELIANCE,TATAMOTORS,0.4
SBILIFE,TATAMOTORS,0.23
SBIN,TATAMOTORS,0.37
SHRIRAMFIN,TATAMOTORS,0.35
SUNPHARMA,TATAMOTORS,0.29
TATACONSUM,TATAMOTORS,0.17
TATAMOTORS,TATAMOTORS,1.0
TATASTEEL,TATAMOTORS,0.53
TCS,TATAMOTORS,0.25
TECHM,TATAMOTORS,0.28
TITAN,TATAMOTORS,0.27
TRENT,TATAMOTORS,0.22
ULTRACEMCO,TATAMOTORS,0.36
WIPRO,TATAMOTORS,0.32
ADANIENT,TATASTEEL,0.43
ADANIPORTS,TATASTEEL,0.46
APOLLOHOSP,TATASTEEL,0.26
ASIANPAINT,TATASTEEL,0.29
AXISBANK,TATASTEEL,0.36
BAJAJ-AUTO,TATASTEEL,0.29
BAJAJFINSV,TATASTEEL,0.47
BAJFINANCE,TATASTEEL,0.39
BEL,TATASTEEL,0.52
BHARTIARTL,TATASTEEL,0.31
BPCL,TATASTEEL,0.47
BRITANNIA,TATASTEEL,0.11
CIPLA,TATASTEEL,0.13
COALINDIA,TATASTEEL,0.53
DRREDDY,TATASTEEL,0.2
EICHERMOT,TATASTEEL,0.32
GRASIM,TATASTEEL,0.46
HCLTECH,TATASTEEL,0.27
HDFCBANK,TATASTEEL,0.39
HDFCLIFE,TATASTEEL,0.26
HEROMOTOCO,TATASTEEL,0.28
HINDALCO,TATASTEEL,0.63
HINDUNILVR,TATASTEEL,0.09
ICICIBANK,TATASTEEL,0.34
INDUSINDBK,TATASTEEL,0.41
INFY,TATASTEEL,0.18
ITC,TATASTEEL,0.24
JSWSTEEL,TATASTEEL,0.79
KOTAKBANK,TATASTEEL,0.26
LT,TATASTEEL,0.48
M&M,TATASTEEL,0.42
MARUTI,TATASTEEL,0.38
NESTLEIND,TATASTEEL,0.13
NTPC,TATASTEEL,0.54
ONGC,TATASTEEL,0.5
POWERGRID,TATASTEEL,0.5
RELIANCE,TATASTEEL,0.45
SBILIFE,TATASTEEL,0.23
SBIN,TATASTEEL,0.48
SHRIRAMFIN,TATASTEEL,0.45
SUNPHARMA,TATASTEEL,0.26
TATACONSUM,TATASTEEL,0.23
TATAMOTORS,TATASTEEL,0.53
TATASTEEL,TATASTEEL,1.0
TCS,TATASTEEL,0.24
TECHM,TATASTEEL,0.28
TITAN,TATASTEEL,0.29
TRENT,TATASTEEL,0.22
ULTRACEMCO,TATASTEEL,0.48
WIPRO,TATASTEEL,0.33
ADANIENT,TCS,0.1
ADANIPORTS,TCS,0.13
APOLLOHOSP,TCS,0.09
ASIANPAINT,TCS,0.15
AXISBANK,TCS,0.11
BAJAJ-AUTO,TCS,0.02
BAJAJFINSV,TCS,0.23
BAJFINANCE,TCS,0.17
BEL,TCS,0.12
BHARTIARTL,TCS,0.18
BPCL,TCS,0.18
BRITANNIA,TCS,0.11
CIPLA,TCS,0.08
COALINDIA,TCS,0.1
DRREDDY,TCS,0.23
EICHERMOT,TCS,0.13
GRASIM,TCS,0.18
HCLTECH,TCS,0.64
HDFCBANK,TCS,0.03
HDFCLIFE,TCS,0.11
HEROMOTOCO,TCS,0.12
HINDALCO,TCS,0.16
HINDUNILVR,TCS,0.15
ICICIBANK,TCS,0.16
INDUSINDBK,TCS,0.07
INFY,TCS,0.72
ITC,TCS,0.17
JSWSTEEL,TCS,0.21
KOTAKBANK,TCS,0.1
LT,TCS,0.21
M&M,TCS,0.18
MARUTI,TCS,0.16
NESTLEIND,TCS,0.1
NTPC,TCS,0.11
ONGC,TCS,0.17
POWERGRID,TCS,0.1
RELIANCE,TCS,0.24
SBILIFE,TCS,0.17
SBIN,TCS,0.16
SHRIRAMFIN,TCS,0.12
SUNPHARMA,TCS,0.14
TATACONSUM,TCS,0.27
TATAMOTORS,TCS,0.25
TATASTEEL,TCS,0.24
TCS,TCS,1.0
TECHM,TCS,0.58
TITAN,TCS,0.13
TRENT,TCS,0.12
ULTRACEMCO,TCS,0.24
WIPRO,TCS,0.6
ADANIENT,TECHM,0.13
ADANIPORTS,TECHM,0.14
APOLLOHOSP,TECHM,0.15
ASIANPAINT,TECHM,0.14
AXISBANK,TECHM,0.13
BAJAJ-AUTO,TECHM,0.04
BAJAJFINSV,TECHM,0.19
BAJFINANCE,TECHM,0.15
BEL,TECHM,0.21
BHARTIARTL,TECHM,0.25
BPCL,TECHM,0.2
BRITANNIA,TECHM,0.13
CIPLA,TECHM,0.04
COALINDIA,TECHM,0.17
DRREDDY,TECHM,0.21
EICHERMOT,TECHM,0.18
GRASIM,TECHM,0.16
HCLTECH,TECHM,0.56
HDFCBANK,TECHM,0.19
HDFCLIFE,TECHM,0.1
HEROMOTOCO,TECHM,0.11
HINDALCO,TECHM,0.23
HINDUNILVR,TECHM,0.14
ICICIBANK,TECHM,0.15
INDUSINDBK,TECHM,0.1
INFY,TECHM,0.65
ITC,TECHM,0.22
JSWSTEEL,TECHM,0.26
KOTAKBANK,TECHM,0.15
LT,TECHM,0.2
M&M,TECHM,0.21
MARUTI,TECHM,0.14
NESTLEIND,TECHM,0.05
NTPC,TECHM,0.18
ONGC,TECHM,0.23
POWERGRID,TECHM,0.15
RELIANCE,TECHM,0.26
SBILIFE,TECHM,0.14
SBIN,TECHM,0.18
SHRIRAMFIN,TECHM,0.22
SUNPHARMA,TECHM,0.16
TATACONSUM,TECHM,0.21
TATAMOTORS,TECHM,0.28
TATASTEEL,TECHM,0.28
TCS,TECHM,0.58
TECHM,TECHM,1.0
TITAN,TECHM,0.23
TRENT,TECHM,0.15
ULTRACEMCO,TECHM,0.27
WIPRO,TECHM,0.6
ADANIENT,TITAN,0.28
ADANIPORTS,TITAN,0.29
APOLLOHOSP,TITAN,0.24
ASIANPAINT,TITAN,0.29
AXISBANK,TITAN,0.14
BAJAJ-AUTO,TITAN,0.19
BAJAJFINSV,TITAN,0.29
BAJFINANCE,TITAN,0.24
BEL,TITAN,0.15
BHARTIARTL,TITAN,0.28
BPCL,TITAN,0.27
BRITANNIA,TITAN,0.07
CIPLA,TITAN,0.1
COALINDIA,TITAN,0.24
DRREDDY,TITAN,0.13
EICHERMOT,TITAN,0.27
GRASIM,TITAN,0.36
HCLTECH,TITAN,0.2
HDFCBANK,TITAN,0.18
HDFCLIFE,TITAN,0.2
HEROMOTOCO,TITAN,0.3
HINDALCO,TITAN,0.24
HINDUNILVR,TITAN,0.2
ICICIBANK,TITAN,0.14
INDUSINDBK,TITAN,0.24
INFY,TITAN,0.21
ITC,TITAN,0.32
JSWSTEEL,TITAN,0.3
KOTAKBANK,TITAN,0.15
LT,TITAN,0.22
M&M,TITAN,0.28
MARUTI,TITAN,0.32
NESTLEIND,TITAN,0.24
NTPC,TITAN,0.33
ONGC,TITAN,0.2
POWERGRID,TITAN,0.21
RELIANCE,TITAN,0.33
SBILIFE,TITAN,0.2
SBIN,TITAN,0.21
SHRIRAMFIN,TITAN,0.25
SUNPHARMA,TITAN,0.22
TATACONSUM,TITAN,0.31
TATAMOTORS,TITAN,0.27
TATASTEEL,TITAN,0.29
TCS,TITAN,0.13
TECHM,TITAN,0.23
TITAN,TITAN,1.0
TRENT,TITAN,0.19
ULTRACEMCO,TITAN,0.35
WIPRO,TITAN,0.26
ADANIENT,TRENT,0.2
ADANIPORTS,TRENT,0.2
APOLLOHOSP,TRENT,0.08
ASIANPAINT,TRENT,0.24
AXISBANK,TRENT,0.18
BAJAJ-AUTO,TRENT,0.22
BAJAJFINSV,TRENT,0.2
BAJFINANCE,TRENT,0.23
BEL,TRENT,0.27
BHARTIARTL,TRENT,0.26
BPCL,TRENT,0.22
BRITANNIA,TRENT,0.03
CIPLA,TRENT,0.13
COALINDIA,TRENT,0.27
DRREDDY,TRENT,0.18
EICHERMOT,TRENT,0.24
GRASIM,TRENT,0.24
HCLTECH,TRENT,0.2
HDFCBANK,TRENT,0.11
HDFCLIFE,TRENT,0.2
HEROMOTOCO,TRENT,0.21
HINDALCO,TRENT,0.27
HINDUNILVR,TRENT,0.08
ICICIBANK,TRENT,0.12
INDUSINDBK,TRENT,0.19
INFY,TRENT,0.15
ITC,TRENT,0.15
JSWSTEEL,TRENT,0.26
KOTAKBANK,TRENT,0.08
LT,TRENT,0.17
M&M,TRENT,0.26
MARUTI,TRENT,0.18
NESTLEIND,TRENT,0.15
NTPC,TRENT,0.23
ONGC,TRENT,0.21
POWERGRID,TRENT,0.2
RELIANCE,TRENT,0.28
SBILIFE,TRENT,0.18
SBIN,TRENT,0.27
SHRIRAMFIN,TRENT,0.22
SUNPHARMA,TRENT,0.26
TATACONSUM,TRENT,0.18
TATAMOTORS,TRENT,0.22
TATASTEEL,TRENT,0.22
TCS,TRENT,0.12
TECHM,TRENT,0.15
TITAN,TRENT,0.19
TRENT,TRENT,1.0
ULTRACEMCO,TRENT,0.3
WIPRO,TRENT,0.14
ADANIENT,ULTRACEMCO,0.37
ADANIPORTS,ULTRACEMCO,0.41
APOLLOHOSP,ULTRACEMCO,0.27
ASIANPAINT,ULTRACEMCO,0.27
AXISBANK,ULTRACEMCO,0.4
BAJAJ-AUTO,ULTRACEMCO,0.24
BAJAJFINSV,ULTRACEMCO,0.48
BAJFINANCE,ULTRACEMCO,0.44
BEL,ULTRACEMCO,0.45
BHARTIARTL,ULTRACEMCO,0.36
BPCL,ULTRACEMCO,0.4
BRITANNIA,ULTRACEMCO,0.19
CIPLA,ULTRACEMCO,0.11
COALINDIA,ULTRACEMCO,0.33
DRREDDY,ULTRACEMCO,0.26
EICHERMOT,ULTRACEMCO,0.31
GRASIM,ULTRACEMCO,0.58
HCLTECH,ULTRACEMCO,0.22
HDFCBANK,ULTRACEMCO,0.36
HDFCLIFE,ULTRACEMCO,0.24
HEROMOTOCO,ULTRACEMCO,0.27
HINDALCO,ULTRACEMCO,0.31
HINDUNILVR,ULTRACEMCO,0.17
ICICIBANK,ULTRACEMCO,0.43
INDUSINDBK,ULTRACEMCO,0.33
INFY,ULTRACEMCO,0.23
ITC,ULTRACEMCO,0.26
JSWSTEEL,ULTRACEMCO,0.55
KOTAKBANK,ULTRACEMCO,0.33
LT,ULTRACEMCO,0.47
M&M,ULTRACEMCO,0.43
MARUTI,ULTRACEMCO,0.35
NESTLEIND,ULTRACEMCO,0.28
NTPC,ULTRACEMCO,0.46
ONGC,ULTRACEMCO,0.41
POWERGRID,ULTRACEMCO,0.4
RELIANCE,ULTRACEMCO,0.49
SBILIFE,ULTRACEMCO,0.26
SBIN,ULTRACEMCO,0.43
SHRIRAMFIN,ULTRACEMCO,0.49
SUNPHARMA,ULTRACEMCO,0.24
TATACONSUM,ULTRACEMCO,0.25
TATAMOTORS,ULTRACEMCO,0.36
TATASTEEL,ULTRACEMCO,0.48
TCS,ULTRACEMCO,0.24
TECHM,ULTRACEMCO,0.27
TITAN,ULTRACEMCO,0.35
TRENT,ULTRACEMCO,0.3
ULTRACEMCO,ULTRACEMCO,1.0
WIPRO,ULTRACEMCO,0.3
ADANIENT,WIPRO,0.22
ADANIPORTS,WIPRO,0.23
APOLLOHOSP,WIPRO,0.22
ASIANPAINT,WIPRO,0.13
AXISBANK,WIPRO,0.2
BAJAJ-AUTO,WIPRO,0.12
BAJAJFINSV,WIPRO,0.32
BAJFINANCE,WIPRO,0.23
BEL,WIPRO,0.25
BHARTIARTL,WIPRO,0.25
BPCL,WIPRO,0.21
BRITANNIA,WIPRO,0.16
CIPLA,WIPRO,0.08
COALINDIA,WIPRO,0.23
DRREDDY,WIPRO,0.27
EICHERMOT,WIPRO,0.26
GRASIM,WIPRO,0.23
HCLTECH,WIPRO,0.6
HDFCBANK,WIPRO,0.18
HDFCLIFE,WIPRO,0.19
HEROMOTOCO,WIPRO,0.2
HINDALCO,WIPRO,0.25
HINDUNILVR,WIPRO,0.18
ICICIBANK,WIPRO,0.21
INDUSINDBK,WIPRO,0.2
INFY,WIPRO,0.57
ITC,WIPRO,0.23
JSWSTEEL,WIPRO,0.35
KOTAKBANK,WIPRO,0.23
LT,WIPRO,0.32
M&M,WIPRO,0.3
MARUTI,WIPRO,0.2
NESTLEIND,WIPRO,0.17
NTPC,WIPRO,0.19
ONGC,WIPRO,0.29
POWERGRID,WIPRO,0.16
RELIANCE,WIPRO,0.35
SBILIFE,WIPRO,0.25
SBIN,WIPRO,0.23
SHRIRAMFIN,WIPRO,0.3
SUNPHARMA,WIPRO,0.19
TATACONSUM,WIPRO,0.25
TATAMOTORS,WIPRO,0.32
TATASTEEL,WIPRO,0.33
TCS,WIPRO,0.6
TECHM,WIPRO,0.6
TITAN,WIPRO,0.26
TRENT,WIPRO,0.14
ULTRACEMCO,WIPRO,0.3
WIPRO,WIPRO,1.0
